"","ClarityRec","ClarityProf","SealRec","SealProf","FucusRec","FucusProf","CormorantRec","CormorantProf","SanderRec","SanderProf","HerringRec","HerringProf","PerchRec","PerchProf","NISRec","NISProf","FilAlgRec","FilAlgProf","CyanoRec","CyanoProf","Comment7","PrimGrLocal","PrimGrProfFisher","PrimGrProfTourism","PrimGrGovPolitician","PrimGrResearcher","PrimGrEducator","PrimGrRecreation","PrimGrEnvNGO","PrimGrNGOProf","PrimGrCabin","PrimGrOther"
"2","Edist‰‰ paljon","Ei edist‰ eik‰ haittaa","Edist‰‰ paljon","Ei edist‰ eik‰ haittaa","Edist‰‰ jonkin verran","Ei edist‰ eik‰ haittaa","Haittaa jonkin verran","Ei edist‰ eik‰ haittaa","Edist‰‰ jonkin verran","Ei edist‰ eik‰ haittaa","Edist‰‰ jonkin verran","Ei edist‰ eik‰ haittaa","Edist‰‰ jonkin verran","Ei edist‰ eik‰ haittaa","Ei edist‰ eik‰ haittaa","Ei edist‰ eik‰ haittaa","Ei edist‰ eik‰ haittaa","Ei edist‰ eik‰ haittaa","Haittaa paljon","Ei edist‰ eik‰ haittaa","","1.","","","","","","2.","","","","3."
"3","Ei edist‰ eik‰ haittaa","En osaa sanoa","Ei edist‰ eik‰ haittaa","En osaa sanoa","Ei edist‰ eik‰ haittaa","En osaa sanoa","Ei edist‰ eik‰ haittaa","En osaa sanoa","En osaa sanoa","En osaa sanoa","En osaa sanoa","En osaa sanoa","En osaa sanoa","En osaa sanoa","En osaa sanoa","En osaa sanoa","En osaa sanoa","En osaa sanoa","Ei edist‰ eik‰ haittaa","En osaa sanoa","","1.","","","","","","2.","","","","3."
"4","Edist‰‰ paljon","Ei edist‰ eik‰ haittaa","Edist‰‰ jonkin verran","Ei edist‰ eik‰ haittaa","Edist‰‰ paljon","Ei edist‰ eik‰ haittaa","Ei edist‰ eik‰ haittaa","Ei edist‰ eik‰ haittaa","Edist‰‰ jonkin verran","Ei edist‰ eik‰ haittaa","Ei edist‰ eik‰ haittaa","Ei edist‰ eik‰ haittaa","Edist‰‰ jonkin verran","Ei edist‰ eik‰ haittaa","Ei edist‰ eik‰ haittaa","Ei edist‰ eik‰ haittaa","Ei edist‰ eik‰ haittaa","Ei edist‰ eik‰ haittaa","Haittaa jonkin verran","Ei edist‰ eik‰ haittaa","","","","","","","","2.","","","1.","3."
"5","Edist‰‰ jonkin verran","En osaa sanoa","Ei edist‰ eik‰ haittaa","En osaa sanoa","Ei edist‰ eik‰ haittaa","En osaa sanoa","Ei edist‰ eik‰ haittaa","En osaa sanoa","Ei edist‰ eik‰ haittaa","En osaa sanoa","Ei edist‰ eik‰ haittaa","En osaa sanoa","Edist‰‰ paljon","En osaa sanoa","Ei edist‰ eik‰ haittaa","En osaa sanoa","Ei edist‰ eik‰ haittaa","En osaa sanoa","Haittaa paljon","En osaa sanoa","","","","","2.","","","1.","","","","3."
"6","Edist‰‰ paljon","Ei edist‰ eik‰ haittaa","Ei edist‰ eik‰ haittaa","Ei edist‰ eik‰ haittaa","Edist‰‰ paljon","Ei edist‰ eik‰ haittaa","Haittaa jonkin verran","Ei edist‰ eik‰ haittaa","Ei edist‰ eik‰ haittaa","Ei edist‰ eik‰ haittaa","Ei edist‰ eik‰ haittaa","Ei edist‰ eik‰ haittaa","Edist‰‰ jonkin verran","Ei edist‰ eik‰ haittaa","Ei edist‰ eik‰ haittaa","Ei edist‰ eik‰ haittaa","Haittaa jonkin verran","Ei edist‰ eik‰ haittaa","Haittaa paljon","Ei edist‰ eik‰ haittaa","","1.","","","","","","3.","","","2.",""
"7","Edist‰‰ paljon","Ei edist‰ eik‰ haittaa","Haittaa jonkin verran","Ei edist‰ eik‰ haittaa","Edist‰‰ paljon","Ei edist‰ eik‰ haittaa","Haittaa jonkin verran","Ei edist‰ eik‰ haittaa","Edist‰‰ paljon","Ei edist‰ eik‰ haittaa","Edist‰‰ paljon","Ei edist‰ eik‰ haittaa","Edist‰‰ paljon","Ei edist‰ eik‰ haittaa","Ei edist‰ eik‰ haittaa","Ei edist‰ eik‰ haittaa","Haittaa paljon","Ei edist‰ eik‰ haittaa","Haittaa jonkin verran","Ei edist‰ eik‰ haittaa","Saariston yst‰v‰","","","","","","","2.","","","1.","3."
"8","Edist‰‰ paljon","Edist‰‰ jonkin verran","Haittaa jonkin verran","Ei edist‰ eik‰ haittaa","Edist‰‰ jonkin verran","Ei edist‰ eik‰ haittaa","Haittaa paljon","Haittaa jonkin verran","Edist‰‰ jonkin verran","Edist‰‰ jonkin verran","Ei edist‰ eik‰ haittaa","Ei edist‰ eik‰ haittaa","Edist‰‰ jonkin verran","Edist‰‰ jonkin verran","Haittaa paljon","Haittaa jonkin verran","Ei edist‰ eik‰ haittaa","Ei edist‰ eik‰ haittaa","Haittaa paljon","Haittaa paljon","","1.","","2.","","","","3.","","","",""
"9","Edist‰‰ paljon","En osaa sanoa","Edist‰‰ jonkin verran","Ei edist‰ eik‰ haittaa","Edist‰‰ jonkin verran","Ei edist‰ eik‰ haittaa","Haittaa jonkin verran","Ei edist‰ eik‰ haittaa","En osaa sanoa","En osaa sanoa","En osaa sanoa","En osaa sanoa","En osaa sanoa","En osaa sanoa","Haittaa jonkin verran","En osaa sanoa","Haittaa paljon","En osaa sanoa","Haittaa paljon","En osaa sanoa","","2.","","","","","","1.","3.","","",""
"10","Edist‰‰ paljon","Ei edist‰ eik‰ haittaa","Edist‰‰ paljon","Ei edist‰ eik‰ haittaa","Edist‰‰ paljon","Ei edist‰ eik‰ haittaa","Haittaa paljon","Ei edist‰ eik‰ haittaa","Edist‰‰ paljon","Ei edist‰ eik‰ haittaa","Edist‰‰ jonkin verran","Ei edist‰ eik‰ haittaa","Edist‰‰ paljon","Ei edist‰ eik‰ haittaa","Haittaa jonkin verran","Ei edist‰ eik‰ haittaa","Ei edist‰ eik‰ haittaa","Ei edist‰ eik‰ haittaa","Haittaa paljon","Ei edist‰ eik‰ haittaa","","","","","","2.","3.","1.","","","",""
"11","Edist‰‰ paljon","Ei edist‰ eik‰ haittaa","Haittaa paljon","Ei edist‰ eik‰ haittaa","Edist‰‰ jonkin verran","Ei edist‰ eik‰ haittaa","Haittaa jonkin verran","Ei edist‰ eik‰ haittaa","Edist‰‰ paljon","Ei edist‰ eik‰ haittaa","Edist‰‰ jonkin verran","Ei edist‰ eik‰ haittaa","Edist‰‰ paljon","Ei edist‰ eik‰ haittaa","Haittaa paljon","Ei edist‰ eik‰ haittaa","Haittaa jonkin verran","Ei edist‰ eik‰ haittaa","Haittaa paljon","Ei edist‰ eik‰ haittaa","","1.","","","","","","2.","","","3.",""
"12","Haittaa jonkin verran","Ei edist‰ eik‰ haittaa","Edist‰‰ paljon","Ei edist‰ eik‰ haittaa","En osaa sanoa","Ei edist‰ eik‰ haittaa","Edist‰‰ jonkin verran","Ei edist‰ eik‰ haittaa","Edist‰‰ paljon","Ei edist‰ eik‰ haittaa","Edist‰‰ paljon","Ei edist‰ eik‰ haittaa","Edist‰‰ paljon","Ei edist‰ eik‰ haittaa","Edist‰‰ paljon","Ei edist‰ eik‰ haittaa","Ei edist‰ eik‰ haittaa","Ei edist‰ eik‰ haittaa","Haittaa jonkin verran","Haittaa jonkin verran","","1.","","","","","","2.","","","3.",""
"13","Edist‰‰ jonkin verran","Ei edist‰ eik‰ haittaa","Edist‰‰ paljon","Ei edist‰ eik‰ haittaa","Haittaa jonkin verran","Ei edist‰ eik‰ haittaa","Haittaa jonkin verran","Ei edist‰ eik‰ haittaa","Ei edist‰ eik‰ haittaa","Ei edist‰ eik‰ haittaa","Ei edist‰ eik‰ haittaa","Ei edist‰ eik‰ haittaa","Edist‰‰ jonkin verran","Ei edist‰ eik‰ haittaa","Haittaa jonkin verran","Ei edist‰ eik‰ haittaa","Haittaa paljon","Ei edist‰ eik‰ haittaa","Haittaa paljon","Ei edist‰ eik‰ haittaa","","","","","","","","1.","","","2.","3."
"14","Edist‰‰ paljon","Edist‰‰ paljon","Ei edist‰ eik‰ haittaa","Ei edist‰ eik‰ haittaa","Edist‰‰ paljon","Edist‰‰ paljon","Haittaa paljon","Haittaa paljon","Edist‰‰ jonkin verran","Edist‰‰ jonkin verran","Edist‰‰ jonkin verran","Edist‰‰ jonkin verran","Edist‰‰ jonkin verran","Edist‰‰ jonkin verran","Haittaa paljon","Haittaa paljon","Haittaa jonkin verran","Haittaa paljon","Haittaa paljon","Haittaa paljon","","1.","","2.","","","","3.","","","",""
"15","Edist‰‰ jonkin verran","Ei edist‰ eik‰ haittaa","Edist‰‰ paljon","Edist‰‰ paljon","Edist‰‰ jonkin verran","Ei edist‰ eik‰ haittaa","Ei edist‰ eik‰ haittaa","Ei edist‰ eik‰ haittaa","Edist‰‰ paljon","Ei edist‰ eik‰ haittaa","Edist‰‰ paljon","Ei edist‰ eik‰ haittaa","Edist‰‰ paljon","Ei edist‰ eik‰ haittaa","Edist‰‰ jonkin verran","Ei edist‰ eik‰ haittaa","Haittaa jonkin verran","Haittaa jonkin verran","Haittaa paljon","Haittaa paljon","Et‰tyˆ/yritt‰j‰","","","","","","","2.","","","1.","3."
"16","Edist‰‰ paljon","Edist‰‰ jonkin verran","Edist‰‰ jonkin verran","Edist‰‰ jonkin verran","Haittaa jonkin verran","Haittaa jonkin verran","Ei edist‰ eik‰ haittaa","Ei edist‰ eik‰ haittaa","Ei edist‰ eik‰ haittaa","Edist‰‰ jonkin verran","Edist‰‰ jonkin verran","Ei edist‰ eik‰ haittaa","Edist‰‰ jonkin verran","Edist‰‰ jonkin verran","Ei edist‰ eik‰ haittaa","Ei edist‰ eik‰ haittaa","En osaa sanoa","En osaa sanoa","Haittaa jonkin verran","Haittaa paljon","","","","1.","","","","2.","","","","3."
"17","Edist‰‰ jonkin verran","Ei edist‰ eik‰ haittaa","Ei edist‰ eik‰ haittaa","Ei edist‰ eik‰ haittaa","Ei edist‰ eik‰ haittaa","Ei edist‰ eik‰ haittaa","Haittaa paljon","Ei edist‰ eik‰ haittaa","Ei edist‰ eik‰ haittaa","Ei edist‰ eik‰ haittaa","Ei edist‰ eik‰ haittaa","Ei edist‰ eik‰ haittaa","Edist‰‰ jonkin verran","Ei edist‰ eik‰ haittaa","En osaa sanoa","Ei edist‰ eik‰ haittaa","Haittaa jonkin verran","Ei edist‰ eik‰ haittaa","Haittaa paljon","Ei edist‰ eik‰ haittaa","","","","","","","","1.","","","2.","3."
"18","Edist‰‰ jonkin verran","Ei edist‰ eik‰ haittaa","Edist‰‰ jonkin verran","Ei edist‰ eik‰ haittaa","Edist‰‰ jonkin verran","Ei edist‰ eik‰ haittaa","Haittaa jonkin verran","Ei edist‰ eik‰ haittaa","Ei edist‰ eik‰ haittaa","Ei edist‰ eik‰ haittaa","Ei edist‰ eik‰ haittaa","Ei edist‰ eik‰ haittaa","Ei edist‰ eik‰ haittaa","Ei edist‰ eik‰ haittaa","En osaa sanoa","Ei edist‰ eik‰ haittaa","Ei edist‰ eik‰ haittaa","Ei edist‰ eik‰ haittaa","Haittaa jonkin verran","Ei edist‰ eik‰ haittaa","","3.","","","","","","2.","","","1.",""
"19","Edist‰‰ jonkin verran","Ei edist‰ eik‰ haittaa","Edist‰‰ jonkin verran","","Edist‰‰ jonkin verran","Ei edist‰ eik‰ haittaa","Ei edist‰ eik‰ haittaa","Ei edist‰ eik‰ haittaa","Ei edist‰ eik‰ haittaa","Ei edist‰ eik‰ haittaa","Ei edist‰ eik‰ haittaa","Ei edist‰ eik‰ haittaa","Ei edist‰ eik‰ haittaa","Ei edist‰ eik‰ haittaa","Ei edist‰ eik‰ haittaa","Ei edist‰ eik‰ haittaa","Haittaa jonkin verran","Ei edist‰ eik‰ haittaa","Haittaa paljon","Ei edist‰ eik‰ haittaa","","","","","","","","1.","","","2.","3."
"20","Edist‰‰ paljon","Ei edist‰ eik‰ haittaa","Edist‰‰ jonkin verran","Ei edist‰ eik‰ haittaa","Edist‰‰ jonkin verran","Ei edist‰ eik‰ haittaa","Haittaa paljon","Ei edist‰ eik‰ haittaa","Ei edist‰ eik‰ haittaa","Ei edist‰ eik‰ haittaa","Edist‰‰ jonkin verran","Ei edist‰ eik‰ haittaa","Edist‰‰ jonkin verran","Ei edist‰ eik‰ haittaa","Haittaa jonkin verran","Ei edist‰ eik‰ haittaa","Haittaa jonkin verran","Ei edist‰ eik‰ haittaa","Haittaa paljon","Ei edist‰ eik‰ haittaa","","","","","","","","2.","","","1.","3."
"21","Edist‰‰ paljon","Ei edist‰ eik‰ haittaa","Edist‰‰ paljon","Ei edist‰ eik‰ haittaa","Edist‰‰ jonkin verran","Ei edist‰ eik‰ haittaa","Haittaa jonkin verran","Ei edist‰ eik‰ haittaa","Edist‰‰ jonkin verran","Ei edist‰ eik‰ haittaa","En osaa sanoa","Ei edist‰ eik‰ haittaa","Edist‰‰ jonkin verran","Ei edist‰ eik‰ haittaa","En osaa sanoa","Ei edist‰ eik‰ haittaa","En osaa sanoa","Ei edist‰ eik‰ haittaa","Haittaa jonkin verran","Ei edist‰ eik‰ haittaa","","","","","","","","1.","","","3.","2."
"22","Edist‰‰ paljon","Ei edist‰ eik‰ haittaa","Ei edist‰ eik‰ haittaa","Ei edist‰ eik‰ haittaa","Edist‰‰ paljon","Ei edist‰ eik‰ haittaa","Haittaa paljon","Ei edist‰ eik‰ haittaa","Ei edist‰ eik‰ haittaa","Ei edist‰ eik‰ haittaa","Ei edist‰ eik‰ haittaa","Ei edist‰ eik‰ haittaa","Edist‰‰ jonkin verran","Ei edist‰ eik‰ haittaa","Haittaa jonkin verran","Ei edist‰ eik‰ haittaa","Haittaa paljon","Ei edist‰ eik‰ haittaa","Haittaa paljon","Ei edist‰ eik‰ haittaa","Veneily","","","","","","","3.","","","2.","1."
"23","Haittaa jonkin verran","Ei edist‰ eik‰ haittaa","Edist‰‰ paljon","Ei edist‰ eik‰ haittaa","Edist‰‰ paljon","Ei edist‰ eik‰ haittaa","Ei edist‰ eik‰ haittaa","Ei edist‰ eik‰ haittaa","Edist‰‰ paljon","Ei edist‰ eik‰ haittaa","Edist‰‰ paljon","En osaa sanoa","Edist‰‰ paljon","En osaa sanoa","Haittaa jonkin verran","Ei edist‰ eik‰ haittaa","Haittaa jonkin verran","Ei edist‰ eik‰ haittaa","Haittaa jonkin verran","Haittaa paljon","","3.","","","","","","1.","","","","2."
"24","Edist‰‰ paljon","Ei edist‰ eik‰ haittaa","Ei edist‰ eik‰ haittaa","Ei edist‰ eik‰ haittaa","Edist‰‰ paljon","Edist‰‰ jonkin verran","Haittaa paljon","Haittaa jonkin verran","Edist‰‰ paljon","Edist‰‰ jonkin verran","Edist‰‰ paljon","Edist‰‰ jonkin verran","Edist‰‰ paljon","Edist‰‰ jonkin verran","Haittaa jonkin verran","Ei edist‰ eik‰ haittaa","Haittaa jonkin verran","Haittaa jonkin verran","Haittaa paljon","Haittaa jonkin verran","","","","","","","2.","1.","3.","","",""
"25","Edist‰‰ paljon","Ei edist‰ eik‰ haittaa","Edist‰‰ paljon","Ei edist‰ eik‰ haittaa","Edist‰‰ jonkin verran","Ei edist‰ eik‰ haittaa","Ei edist‰ eik‰ haittaa","Haittaa jonkin verran","Edist‰‰ jonkin verran","Ei edist‰ eik‰ haittaa","Ei edist‰ eik‰ haittaa","Ei edist‰ eik‰ haittaa","Edist‰‰ jonkin verran","Ei edist‰ eik‰ haittaa","Haittaa jonkin verran","Ei edist‰ eik‰ haittaa","Haittaa jonkin verran","Haittaa jonkin verran","Haittaa paljon","Haittaa jonkin verran","","","","","2.","","","1.","","","","3."
"26","Ei edist‰ eik‰ haittaa","Ei edist‰ eik‰ haittaa","Haittaa jonkin verran","Ei edist‰ eik‰ haittaa","Haittaa jonkin verran","Ei edist‰ eik‰ haittaa","Haittaa jonkin verran","Ei edist‰ eik‰ haittaa","Ei edist‰ eik‰ haittaa","Ei edist‰ eik‰ haittaa","Ei edist‰ eik‰ haittaa","Ei edist‰ eik‰ haittaa","Ei edist‰ eik‰ haittaa","Ei edist‰ eik‰ haittaa","Ei edist‰ eik‰ haittaa","Ei edist‰ eik‰ haittaa","Haittaa jonkin verran","Ei edist‰ eik‰ haittaa","Haittaa jonkin verran","Ei edist‰ eik‰ haittaa","","3.","","","","","","2.","","","1.",""
"27","Edist‰‰ jonkin verran","Ei edist‰ eik‰ haittaa","Edist‰‰ jonkin verran","Ei edist‰ eik‰ haittaa","Haittaa jonkin verran","Ei edist‰ eik‰ haittaa","Haittaa jonkin verran","Ei edist‰ eik‰ haittaa","Edist‰‰ jonkin verran","Ei edist‰ eik‰ haittaa","Ei edist‰ eik‰ haittaa","Ei edist‰ eik‰ haittaa","Edist‰‰ jonkin verran","Ei edist‰ eik‰ haittaa","Ei edist‰ eik‰ haittaa","Ei edist‰ eik‰ haittaa","Haittaa jonkin verran","Ei edist‰ eik‰ haittaa","Haittaa jonkin verran","Ei edist‰ eik‰ haittaa","","","","3.","","","","2.","","","1.",""
"28","Edist‰‰ jonkin verran","En osaa sanoa","Ei edist‰ eik‰ haittaa","Haittaa jonkin verran","Ei edist‰ eik‰ haittaa","Ei edist‰ eik‰ haittaa","Haittaa jonkin verran","Haittaa jonkin verran","Edist‰‰ paljon","Ei edist‰ eik‰ haittaa","Edist‰‰ jonkin verran","Ei edist‰ eik‰ haittaa","Edist‰‰ jonkin verran","Ei edist‰ eik‰ haittaa","Haittaa jonkin verran","En osaa sanoa","Haittaa jonkin verran","En osaa sanoa","Haittaa paljon","En osaa sanoa","Harrastekalastaja","","","","","","","2.","","","1.","3."
"29","Ei edist‰ eik‰ haittaa","Ei edist‰ eik‰ haittaa","Haittaa paljon","Haittaa jonkin verran","Haittaa jonkin verran","Haittaa jonkin verran","Haittaa paljon","Ei edist‰ eik‰ haittaa","Edist‰‰ jonkin verran","Ei edist‰ eik‰ haittaa","Edist‰‰ jonkin verran","Ei edist‰ eik‰ haittaa","Ei edist‰ eik‰ haittaa","Ei edist‰ eik‰ haittaa","Ei edist‰ eik‰ haittaa","Ei edist‰ eik‰ haittaa","Ei edist‰ eik‰ haittaa","Ei edist‰ eik‰ haittaa","Ei edist‰ eik‰ haittaa","Ei edist‰ eik‰ haittaa","","1.","3.","","","","","","","2.","",""
"30","Edist‰‰ paljon","Ei edist‰ eik‰ haittaa","Edist‰‰ paljon","Ei edist‰ eik‰ haittaa","Edist‰‰ jonkin verran","Ei edist‰ eik‰ haittaa","Haittaa paljon","Ei edist‰ eik‰ haittaa","Edist‰‰ paljon","Ei edist‰ eik‰ haittaa","Ei edist‰ eik‰ haittaa","Ei edist‰ eik‰ haittaa","Edist‰‰ jonkin verran","Ei edist‰ eik‰ haittaa","Ei edist‰ eik‰ haittaa","Ei edist‰ eik‰ haittaa","Ei edist‰ eik‰ haittaa","Ei edist‰ eik‰ haittaa","Haittaa paljon","Ei edist‰ eik‰ haittaa","","","","","","","","1.","","","2.","3."
"31","Edist‰‰ paljon","","Edist‰‰ paljon","","Edist‰‰ jonkin verran","","Haittaa paljon","","Ei edist‰ eik‰ haittaa","","Ei edist‰ eik‰ haittaa","","Ei edist‰ eik‰ haittaa","","Haittaa jonkin verran","","Haittaa jonkin verran","","Haittaa jonkin verran","","","1.","","3.","","","","2.","","","",""
"32","Edist‰‰ jonkin verran","Ei edist‰ eik‰ haittaa","Edist‰‰ jonkin verran","Ei edist‰ eik‰ haittaa","Edist‰‰ jonkin verran","Ei edist‰ eik‰ haittaa","Haittaa jonkin verran","Ei edist‰ eik‰ haittaa","Edist‰‰ jonkin verran","Ei edist‰ eik‰ haittaa","Edist‰‰ jonkin verran","Ei edist‰ eik‰ haittaa","Edist‰‰ paljon","Ei edist‰ eik‰ haittaa","Ei edist‰ eik‰ haittaa","Ei edist‰ eik‰ haittaa","Haittaa jonkin verran","Ei edist‰ eik‰ haittaa","Haittaa paljon","Ei edist‰ eik‰ haittaa","","","","","","","","2.","","","1.","3."
"33","Haittaa paljon","Ei edist‰ eik‰ haittaa","Edist‰‰ paljon","Ei edist‰ eik‰ haittaa","Ei edist‰ eik‰ haittaa","Ei edist‰ eik‰ haittaa","Haittaa jonkin verran","Ei edist‰ eik‰ haittaa","Edist‰‰ paljon","Ei edist‰ eik‰ haittaa","Edist‰‰ paljon","Ei edist‰ eik‰ haittaa","Edist‰‰ paljon","Ei edist‰ eik‰ haittaa","Ei edist‰ eik‰ haittaa","Ei edist‰ eik‰ haittaa","Ei edist‰ eik‰ haittaa","Ei edist‰ eik‰ haittaa","Haittaa paljon","Ei edist‰ eik‰ haittaa","Veneilij‰","","","","","3.","","2.","","","","1."
"34","Edist‰‰ paljon","En osaa sanoa","Edist‰‰ paljon","En osaa sanoa","En osaa sanoa","En osaa sanoa","Haittaa jonkin verran","En osaa sanoa","Edist‰‰ paljon","En osaa sanoa","En osaa sanoa","En osaa sanoa","Ei edist‰ eik‰ haittaa","En osaa sanoa","En osaa sanoa","En osaa sanoa","En osaa sanoa","En osaa sanoa","Haittaa paljon","En osaa sanoa","","","","1.","","","","2.","","","","3."
"35","Edist‰‰ paljon","Ei edist‰ eik‰ haittaa","Edist‰‰ paljon","Edist‰‰ jonkin verran","Edist‰‰ jonkin verran","Ei edist‰ eik‰ haittaa","Haittaa paljon","Haittaa jonkin verran","Edist‰‰ jonkin verran","Edist‰‰ jonkin verran","Edist‰‰ jonkin verran","Edist‰‰ jonkin verran","Edist‰‰ paljon","Edist‰‰ jonkin verran","Ei edist‰ eik‰ haittaa","Ei edist‰ eik‰ haittaa","Haittaa paljon","Haittaa jonkin verran","Haittaa paljon","Haittaa paljon","","1.","","2.","","","","3.","","","",""
"36","Edist‰‰ paljon","Ei edist‰ eik‰ haittaa","Edist‰‰ paljon","Ei edist‰ eik‰ haittaa","Ei edist‰ eik‰ haittaa","Ei edist‰ eik‰ haittaa","Haittaa paljon","Ei edist‰ eik‰ haittaa","Edist‰‰ jonkin verran","Ei edist‰ eik‰ haittaa","Ei edist‰ eik‰ haittaa","Ei edist‰ eik‰ haittaa","Ei edist‰ eik‰ haittaa","Ei edist‰ eik‰ haittaa","Haittaa paljon","Ei edist‰ eik‰ haittaa","Haittaa jonkin verran","Ei edist‰ eik‰ haittaa","Haittaa paljon","Ei edist‰ eik‰ haittaa","","1.","","","","","","2.","","","","3."
"37","Edist‰‰ paljon","Ei edist‰ eik‰ haittaa","Edist‰‰ paljon","Ei edist‰ eik‰ haittaa","Edist‰‰ paljon","Ei edist‰ eik‰ haittaa","Ei edist‰ eik‰ haittaa","Ei edist‰ eik‰ haittaa","Edist‰‰ paljon","Ei edist‰ eik‰ haittaa","Edist‰‰ jonkin verran","Ei edist‰ eik‰ haittaa","Edist‰‰ paljon","Ei edist‰ eik‰ haittaa","Ei edist‰ eik‰ haittaa","Ei edist‰ eik‰ haittaa","Haittaa paljon","Ei edist‰ eik‰ haittaa","Haittaa paljon","Ei edist‰ eik‰ haittaa","","2.","","","","","","1.","","","","3."
"38","Edist‰‰ paljon","Ei edist‰ eik‰ haittaa","Edist‰‰ paljon","Ei edist‰ eik‰ haittaa","Edist‰‰ paljon","Ei edist‰ eik‰ haittaa","Haittaa jonkin verran","Ei edist‰ eik‰ haittaa","Ei edist‰ eik‰ haittaa","Ei edist‰ eik‰ haittaa","Ei edist‰ eik‰ haittaa","Ei edist‰ eik‰ haittaa","Edist‰‰ jonkin verran","Ei edist‰ eik‰ haittaa","Ei edist‰ eik‰ haittaa","Ei edist‰ eik‰ haittaa","Haittaa paljon","Ei edist‰ eik‰ haittaa","Haittaa paljon","Ei edist‰ eik‰ haittaa","Matkapurjehtija","","","","","","","2.","3.","","","1."
"39","Edist‰‰ paljon","Ei edist‰ eik‰ haittaa","Ei edist‰ eik‰ haittaa","Ei edist‰ eik‰ haittaa","Ei edist‰ eik‰ haittaa","Ei edist‰ eik‰ haittaa","Haittaa paljon","Ei edist‰ eik‰ haittaa","Ei edist‰ eik‰ haittaa","Ei edist‰ eik‰ haittaa","Ei edist‰ eik‰ haittaa","Ei edist‰ eik‰ haittaa","Edist‰‰ jonkin verran","Ei edist‰ eik‰ haittaa","Ei edist‰ eik‰ haittaa","Ei edist‰ eik‰ haittaa","Haittaa jonkin verran","Ei edist‰ eik‰ haittaa","Haittaa paljon","Ei edist‰ eik‰ haittaa","","","","","","","","1.","","","2.","3."
"40","Edist‰‰ paljon","Ei edist‰ eik‰ haittaa","Ei edist‰ eik‰ haittaa","Ei edist‰ eik‰ haittaa","Edist‰‰ jonkin verran","Ei edist‰ eik‰ haittaa","Haittaa paljon","Ei edist‰ eik‰ haittaa","Edist‰‰ jonkin verran","Ei edist‰ eik‰ haittaa","Ei edist‰ eik‰ haittaa","Ei edist‰ eik‰ haittaa","Edist‰‰ jonkin verran","Ei edist‰ eik‰ haittaa","Ei edist‰ eik‰ haittaa","Ei edist‰ eik‰ haittaa","Ei edist‰ eik‰ haittaa","Ei edist‰ eik‰ haittaa","Haittaa jonkin verran","Ei edist‰ eik‰ haittaa","","3.","","","","","","2.","","","1.",""
"41","Ei edist‰ eik‰ haittaa","En osaa sanoa","Edist‰‰ paljon","En osaa sanoa","Edist‰‰ paljon","En osaa sanoa","Haittaa paljon","En osaa sanoa","Ei edist‰ eik‰ haittaa","En osaa sanoa","Ei edist‰ eik‰ haittaa","En osaa sanoa","Ei edist‰ eik‰ haittaa","En osaa sanoa","En osaa sanoa","En osaa sanoa","Haittaa jonkin verran","En osaa sanoa","Haittaa paljon","En osaa sanoa","","1.","","3.","","","","2.","","","",""
"42","Edist‰‰ paljon","Ei edist‰ eik‰ haittaa","Ei edist‰ eik‰ haittaa","Ei edist‰ eik‰ haittaa","Edist‰‰ jonkin verran","Ei edist‰ eik‰ haittaa","Haittaa paljon","Ei edist‰ eik‰ haittaa","Edist‰‰ jonkin verran","Ei edist‰ eik‰ haittaa","Ei edist‰ eik‰ haittaa","Ei edist‰ eik‰ haittaa","Edist‰‰ paljon","Ei edist‰ eik‰ haittaa","En osaa sanoa","Ei edist‰ eik‰ haittaa","Haittaa jonkin verran","Ei edist‰ eik‰ haittaa","Haittaa paljon","Ei edist‰ eik‰ haittaa","","","","","","","","1.","","","3.","2."
"43","Edist‰‰ jonkin verran","Ei edist‰ eik‰ haittaa","Edist‰‰ jonkin verran","Ei edist‰ eik‰ haittaa","Ei edist‰ eik‰ haittaa","Ei edist‰ eik‰ haittaa","Haittaa jonkin verran","Ei edist‰ eik‰ haittaa","Edist‰‰ paljon","Ei edist‰ eik‰ haittaa","Ei edist‰ eik‰ haittaa","Ei edist‰ eik‰ haittaa","Edist‰‰ jonkin verran","Ei edist‰ eik‰ haittaa","Ei edist‰ eik‰ haittaa","Ei edist‰ eik‰ haittaa","Ei edist‰ eik‰ haittaa","Ei edist‰ eik‰ haittaa","Haittaa paljon","Ei edist‰ eik‰ haittaa","Purjehtija","3.","","","","","","2.","","","","1."
"44","Edist‰‰ jonkin verran","Edist‰‰ jonkin verran","Edist‰‰ paljon","Edist‰‰ jonkin verran","Edist‰‰ jonkin verran","Edist‰‰ jonkin verran","Haittaa jonkin verran","Haittaa jonkin verran","Edist‰‰ jonkin verran","Edist‰‰ paljon","En osaa sanoa","En osaa sanoa","Edist‰‰ jonkin verran","En osaa sanoa","Haittaa paljon","En osaa sanoa","Haittaa paljon","En osaa sanoa","Haittaa paljon","En osaa sanoa","","2.","","","","","","1.","","","3.",""
"45","Edist‰‰ paljon","Ei edist‰ eik‰ haittaa","Edist‰‰ paljon","Ei edist‰ eik‰ haittaa","Edist‰‰ jonkin verran","Ei edist‰ eik‰ haittaa","Ei edist‰ eik‰ haittaa","Ei edist‰ eik‰ haittaa","Edist‰‰ paljon","Ei edist‰ eik‰ haittaa","Edist‰‰ jonkin verran","Ei edist‰ eik‰ haittaa","Edist‰‰ paljon","Ei edist‰ eik‰ haittaa","Ei edist‰ eik‰ haittaa","Ei edist‰ eik‰ haittaa","En osaa sanoa","Ei edist‰ eik‰ haittaa","Haittaa paljon","Ei edist‰ eik‰ haittaa","Veneilij‰","","","","","","","2.","","","3.","1."
"46","Edist‰‰ paljon","Ei edist‰ eik‰ haittaa","Edist‰‰ paljon","Ei edist‰ eik‰ haittaa","Edist‰‰ paljon","Ei edist‰ eik‰ haittaa","Haittaa paljon","Ei edist‰ eik‰ haittaa","Edist‰‰ paljon","Ei edist‰ eik‰ haittaa","Ei edist‰ eik‰ haittaa","Ei edist‰ eik‰ haittaa","Edist‰‰ paljon","Ei edist‰ eik‰ haittaa","Ei edist‰ eik‰ haittaa","Ei edist‰ eik‰ haittaa","Ei edist‰ eik‰ haittaa","Ei edist‰ eik‰ haittaa","Haittaa paljon","Ei edist‰ eik‰ haittaa","","","","","","","","1.","","","2.","3."
"47","Edist‰‰ jonkin verran","Edist‰‰ jonkin verran","Ei edist‰ eik‰ haittaa","Ei edist‰ eik‰ haittaa","Ei edist‰ eik‰ haittaa","Edist‰‰ jonkin verran","Haittaa paljon","Haittaa paljon","Ei edist‰ eik‰ haittaa","Ei edist‰ eik‰ haittaa","Edist‰‰ jonkin verran","Ei edist‰ eik‰ haittaa","Edist‰‰ jonkin verran","Ei edist‰ eik‰ haittaa","Ei edist‰ eik‰ haittaa","Ei edist‰ eik‰ haittaa","Ei edist‰ eik‰ haittaa","Ei edist‰ eik‰ haittaa","Haittaa paljon","Haittaa paljon","","","","1.","","","","3.","","","","2."
"48","Edist‰‰ paljon","Ei edist‰ eik‰ haittaa","Edist‰‰ paljon","Ei edist‰ eik‰ haittaa","Ei edist‰ eik‰ haittaa","Ei edist‰ eik‰ haittaa","Haittaa jonkin verran","Ei edist‰ eik‰ haittaa","Ei edist‰ eik‰ haittaa","Ei edist‰ eik‰ haittaa","Ei edist‰ eik‰ haittaa","Ei edist‰ eik‰ haittaa","Edist‰‰ jonkin verran","Ei edist‰ eik‰ haittaa","Haittaa jonkin verran","Ei edist‰ eik‰ haittaa","Haittaa jonkin verran","Ei edist‰ eik‰ haittaa","Haittaa jonkin verran","Ei edist‰ eik‰ haittaa","","","","1.","","","","2.","","","","3."
"49","Edist‰‰ paljon","Ei edist‰ eik‰ haittaa","Haittaa paljon","Ei edist‰ eik‰ haittaa","Edist‰‰ paljon","Ei edist‰ eik‰ haittaa","Haittaa paljon","Ei edist‰ eik‰ haittaa","Edist‰‰ paljon","Ei edist‰ eik‰ haittaa","Edist‰‰ paljon","Ei edist‰ eik‰ haittaa","Edist‰‰ paljon","Ei edist‰ eik‰ haittaa","Haittaa paljon","Ei edist‰ eik‰ haittaa","Haittaa jonkin verran","Ei edist‰ eik‰ haittaa","Haittaa paljon","Ei edist‰ eik‰ haittaa","","","","","","","3.","2.","","","1.",""
"50","Edist‰‰ paljon","Edist‰‰ paljon","Ei edist‰ eik‰ haittaa","Ei edist‰ eik‰ haittaa","Edist‰‰ paljon","Edist‰‰ paljon","Haittaa paljon","Haittaa paljon","Edist‰‰ paljon","Edist‰‰ paljon","Edist‰‰ paljon","Edist‰‰ paljon","Edist‰‰ paljon","Edist‰‰ paljon","Haittaa jonkin verran","Haittaa jonkin verran","Haittaa paljon","Haittaa paljon","Haittaa paljon","Haittaa paljon","Purjehtija","","","","","","3.","","","","1.","2."
"51","Edist‰‰ paljon","Ei edist‰ eik‰ haittaa","Edist‰‰ paljon","Ei edist‰ eik‰ haittaa","Edist‰‰ paljon","Ei edist‰ eik‰ haittaa","Ei edist‰ eik‰ haittaa","Ei edist‰ eik‰ haittaa","Edist‰‰ jonkin verran","Ei edist‰ eik‰ haittaa","Edist‰‰ jonkin verran","Ei edist‰ eik‰ haittaa","Edist‰‰ jonkin verran","Ei edist‰ eik‰ haittaa","Haittaa jonkin verran","Ei edist‰ eik‰ haittaa","Ei edist‰ eik‰ haittaa","Ei edist‰ eik‰ haittaa","Haittaa paljon","Ei edist‰ eik‰ haittaa","","","","","","","3.","1.","","","2.",""
"52","Edist‰‰ jonkin verran","Ei edist‰ eik‰ haittaa","Ei edist‰ eik‰ haittaa","","Ei edist‰ eik‰ haittaa","Ei edist‰ eik‰ haittaa","Ei edist‰ eik‰ haittaa","Ei edist‰ eik‰ haittaa","Ei edist‰ eik‰ haittaa","Ei edist‰ eik‰ haittaa","Ei edist‰ eik‰ haittaa","Ei edist‰ eik‰ haittaa","Ei edist‰ eik‰ haittaa","Ei edist‰ eik‰ haittaa","Ei edist‰ eik‰ haittaa","Ei edist‰ eik‰ haittaa","Ei edist‰ eik‰ haittaa","Ei edist‰ eik‰ haittaa","Haittaa jonkin verran","Ei edist‰ eik‰ haittaa","","","","","2.","","3.","1.","","","",""
"53","Edist‰‰ paljon","En osaa sanoa","Edist‰‰ paljon","En osaa sanoa","Edist‰‰ paljon","En osaa sanoa","Haittaa paljon","En osaa sanoa","Edist‰‰ paljon","En osaa sanoa","Edist‰‰ jonkin verran","En osaa sanoa","Edist‰‰ paljon","En osaa sanoa","Haittaa paljon","En osaa sanoa","Haittaa jonkin verran","En osaa sanoa","Haittaa paljon","En osaa sanoa","","","","","","2.","3.","1.","","","",""
"54","Edist‰‰ paljon","Edist‰‰ jonkin verran","Edist‰‰ jonkin verran","Ei edist‰ eik‰ haittaa","Edist‰‰ jonkin verran","Ei edist‰ eik‰ haittaa","Haittaa paljon","Ei edist‰ eik‰ haittaa","Edist‰‰ jonkin verran","Ei edist‰ eik‰ haittaa","Ei edist‰ eik‰ haittaa","Ei edist‰ eik‰ haittaa","Edist‰‰ paljon","Ei edist‰ eik‰ haittaa","Ei edist‰ eik‰ haittaa","Ei edist‰ eik‰ haittaa","Ei edist‰ eik‰ haittaa","Ei edist‰ eik‰ haittaa","Haittaa paljon","Ei edist‰ eik‰ haittaa","","1.","","","","","3.","2.","","","",""
"55","Edist‰‰ paljon","En osaa sanoa","Edist‰‰ paljon","En osaa sanoa","Ei edist‰ eik‰ haittaa","En osaa sanoa","Haittaa paljon","En osaa sanoa","Ei edist‰ eik‰ haittaa","En osaa sanoa","En osaa sanoa","En osaa sanoa","Ei edist‰ eik‰ haittaa","En osaa sanoa","Haittaa jonkin verran","En osaa sanoa","Haittaa jonkin verran","En osaa sanoa","Haittaa paljon","En osaa sanoa","Veneilij‰","","","","","","","1.","","","2.","3."
"56","Edist‰‰ jonkin verran","Ei edist‰ eik‰ haittaa","Edist‰‰ paljon","Ei edist‰ eik‰ haittaa","Ei edist‰ eik‰ haittaa","Ei edist‰ eik‰ haittaa","Ei edist‰ eik‰ haittaa","Ei edist‰ eik‰ haittaa","Ei edist‰ eik‰ haittaa","Ei edist‰ eik‰ haittaa","Ei edist‰ eik‰ haittaa","Ei edist‰ eik‰ haittaa","Edist‰‰ jonkin verran","Ei edist‰ eik‰ haittaa","Ei edist‰ eik‰ haittaa","Ei edist‰ eik‰ haittaa","Haittaa jonkin verran","Ei edist‰ eik‰ haittaa","Haittaa paljon","Ei edist‰ eik‰ haittaa","purjehtija","","","","","","3.","2.","","","","1."
"57","Edist‰‰ paljon","","Edist‰‰ paljon","","Edist‰‰ jonkin verran","","Haittaa jonkin verran","","Edist‰‰ jonkin verran","","Edist‰‰ jonkin verran","","Edist‰‰ jonkin verran","","Ei edist‰ eik‰ haittaa","","Haittaa paljon","","Haittaa paljon","","","","","","","","","1.","","","3.","2."
"58","Edist‰‰ jonkin verran","Ei edist‰ eik‰ haittaa","Edist‰‰ paljon","Ei edist‰ eik‰ haittaa","Edist‰‰ jonkin verran","Ei edist‰ eik‰ haittaa","Haittaa jonkin verran","Ei edist‰ eik‰ haittaa","Ei edist‰ eik‰ haittaa","Ei edist‰ eik‰ haittaa","Ei edist‰ eik‰ haittaa","Ei edist‰ eik‰ haittaa","Ei edist‰ eik‰ haittaa","Ei edist‰ eik‰ haittaa","Haittaa jonkin verran","Ei edist‰ eik‰ haittaa","Haittaa jonkin verran","Ei edist‰ eik‰ haittaa","Haittaa paljon","Ei edist‰ eik‰ haittaa","","","","","","","","1.","","","3.","2."
"59","Edist‰‰ jonkin verran","Ei edist‰ eik‰ haittaa","Edist‰‰ jonkin verran","Ei edist‰ eik‰ haittaa","Ei edist‰ eik‰ haittaa","Ei edist‰ eik‰ haittaa","Haittaa jonkin verran","Ei edist‰ eik‰ haittaa","Edist‰‰ jonkin verran","Ei edist‰ eik‰ haittaa","Ei edist‰ eik‰ haittaa","Ei edist‰ eik‰ haittaa","Edist‰‰ jonkin verran","Ei edist‰ eik‰ haittaa","Ei edist‰ eik‰ haittaa","Ei edist‰ eik‰ haittaa","Haittaa jonkin verran","Ei edist‰ eik‰ haittaa","Haittaa paljon","Ei edist‰ eik‰ haittaa","","","","","","","3.","1.","","","","2."
"60","Haittaa jonkin verran","Ei edist‰ eik‰ haittaa","Ei edist‰ eik‰ haittaa","Ei edist‰ eik‰ haittaa","Edist‰‰ jonkin verran","Ei edist‰ eik‰ haittaa","Haittaa paljon","Haittaa paljon","Ei edist‰ eik‰ haittaa","Ei edist‰ eik‰ haittaa","Ei edist‰ eik‰ haittaa","Ei edist‰ eik‰ haittaa","Ei edist‰ eik‰ haittaa","Ei edist‰ eik‰ haittaa","Haittaa paljon","Ei edist‰ eik‰ haittaa","Haittaa paljon","Ei edist‰ eik‰ haittaa","Haittaa paljon","Ei edist‰ eik‰ haittaa","med bÂt i g‰sthamnar","3.","","","","","","2.","","","","1."
"61","Edist‰‰ paljon","Ei edist‰ eik‰ haittaa","Ei edist‰ eik‰ haittaa","Ei edist‰ eik‰ haittaa","Edist‰‰ jonkin verran","Ei edist‰ eik‰ haittaa","Haittaa paljon","Ei edist‰ eik‰ haittaa","Edist‰‰ paljon","Ei edist‰ eik‰ haittaa","Ei edist‰ eik‰ haittaa","Ei edist‰ eik‰ haittaa","Edist‰‰ paljon","Ei edist‰ eik‰ haittaa","Haittaa jonkin verran","Ei edist‰ eik‰ haittaa","Haittaa jonkin verran","Ei edist‰ eik‰ haittaa","Haittaa paljon","Ei edist‰ eik‰ haittaa","Purjehtija","2.","","","","","","1.","","","","3."
"62","Edist‰‰ paljon","Edist‰‰ jonkin verran","Edist‰‰ paljon","Ei edist‰ eik‰ haittaa","Edist‰‰ paljon","Ei edist‰ eik‰ haittaa","Haittaa paljon","Haittaa jonkin verran","Edist‰‰ jonkin verran","Ei edist‰ eik‰ haittaa","Ei edist‰ eik‰ haittaa","Ei edist‰ eik‰ haittaa","Ei edist‰ eik‰ haittaa","Ei edist‰ eik‰ haittaa","Ei edist‰ eik‰ haittaa","Ei edist‰ eik‰ haittaa","Ei edist‰ eik‰ haittaa","Ei edist‰ eik‰ haittaa","Haittaa paljon","Ei edist‰ eik‰ haittaa","","1.","","3.","","","","2.","","","",""
"63","Edist‰‰ paljon","Edist‰‰ jonkin verran","Edist‰‰ paljon","Edist‰‰ jonkin verran","Edist‰‰ paljon","Edist‰‰ jonkin verran","Haittaa paljon","Ei edist‰ eik‰ haittaa","Edist‰‰ paljon","Ei edist‰ eik‰ haittaa","Edist‰‰ paljon","Ei edist‰ eik‰ haittaa","Edist‰‰ paljon","Ei edist‰ eik‰ haittaa","Haittaa paljon","Ei edist‰ eik‰ haittaa","Haittaa paljon","Haittaa jonkin verran","Haittaa paljon","Haittaa paljon","","","","","","","3.","2.","","","1.",""
"64","Edist‰‰ paljon","Edist‰‰ jonkin verran","Ei edist‰ eik‰ haittaa","Ei edist‰ eik‰ haittaa","Edist‰‰ jonkin verran","Ei edist‰ eik‰ haittaa","Ei edist‰ eik‰ haittaa","Ei edist‰ eik‰ haittaa","Ei edist‰ eik‰ haittaa","Ei edist‰ eik‰ haittaa","Ei edist‰ eik‰ haittaa","Ei edist‰ eik‰ haittaa","Edist‰‰ jonkin verran","Ei edist‰ eik‰ haittaa","Ei edist‰ eik‰ haittaa","Ei edist‰ eik‰ haittaa","Ei edist‰ eik‰ haittaa","Ei edist‰ eik‰ haittaa","Haittaa paljon","Haittaa jonkin verran","Purjehtija","","","3.","","","","1.","","","","2."
"65","Edist‰‰ paljon","Ei edist‰ eik‰ haittaa","Ei edist‰ eik‰ haittaa","Ei edist‰ eik‰ haittaa","Edist‰‰ jonkin verran","Ei edist‰ eik‰ haittaa","Haittaa paljon","Ei edist‰ eik‰ haittaa","Edist‰‰ paljon","Ei edist‰ eik‰ haittaa","Edist‰‰ jonkin verran","Ei edist‰ eik‰ haittaa","Edist‰‰ paljon","Ei edist‰ eik‰ haittaa","Haittaa jonkin verran","Ei edist‰ eik‰ haittaa","Haittaa jonkin verran","Ei edist‰ eik‰ haittaa","Haittaa jonkin verran","Ei edist‰ eik‰ haittaa","","","","","","","","1.","","","2.","3."
"66","Edist‰‰ paljon","Edist‰‰ jonkin verran","Ei edist‰ eik‰ haittaa","Ei edist‰ eik‰ haittaa","Edist‰‰ paljon","Edist‰‰ jonkin verran","Haittaa paljon","Haittaa paljon","Ei edist‰ eik‰ haittaa","Ei edist‰ eik‰ haittaa","Edist‰‰ jonkin verran","Ei edist‰ eik‰ haittaa","Edist‰‰ paljon","Edist‰‰ paljon","Haittaa paljon","Haittaa jonkin verran","Haittaa paljon","Haittaa jonkin verran","Haittaa paljon","Haittaa paljon","","","","","","","3.","2.","","","1.",""
"67","Edist‰‰ paljon","Edist‰‰ paljon","Ei edist‰ eik‰ haittaa","Ei edist‰ eik‰ haittaa","Edist‰‰ jonkin verran","Edist‰‰ jonkin verran","Haittaa paljon","Haittaa jonkin verran","Edist‰‰ paljon","Edist‰‰ paljon","Edist‰‰ jonkin verran","Ei edist‰ eik‰ haittaa","Edist‰‰ paljon","Edist‰‰ jonkin verran","Ei edist‰ eik‰ haittaa","Ei edist‰ eik‰ haittaa","Ei edist‰ eik‰ haittaa","Ei edist‰ eik‰ haittaa","Haittaa paljon","Haittaa paljon","","","","","","","","2.","","","1.","3."
"68","Haittaa paljon","En osaa sanoa","Ei edist‰ eik‰ haittaa","Ei edist‰ eik‰ haittaa","Haittaa jonkin verran","Ei edist‰ eik‰ haittaa","Haittaa jonkin verran","Ei edist‰ eik‰ haittaa","Ei edist‰ eik‰ haittaa","Ei edist‰ eik‰ haittaa","Ei edist‰ eik‰ haittaa","Ei edist‰ eik‰ haittaa","Edist‰‰ jonkin verran","Ei edist‰ eik‰ haittaa","Ei edist‰ eik‰ haittaa","Ei edist‰ eik‰ haittaa","Haittaa jonkin verran","Ei edist‰ eik‰ haittaa","Haittaa paljon","Ei edist‰ eik‰ haittaa","","1.","","","","","","2.","","","3.",""
"69","Edist‰‰ paljon","Ei edist‰ eik‰ haittaa","Edist‰‰ paljon","Ei edist‰ eik‰ haittaa","Edist‰‰ paljon","Ei edist‰ eik‰ haittaa","Ei edist‰ eik‰ haittaa","Ei edist‰ eik‰ haittaa","Edist‰‰ jonkin verran","Ei edist‰ eik‰ haittaa","Edist‰‰ jonkin verran","","Edist‰‰ paljon","Ei edist‰ eik‰ haittaa","Ei edist‰ eik‰ haittaa","Ei edist‰ eik‰ haittaa","Haittaa jonkin verran","Ei edist‰ eik‰ haittaa","Haittaa paljon","Ei edist‰ eik‰ haittaa","","","","","","","","1.","2.","","","3."
"70","Edist‰‰ jonkin verran","Ei edist‰ eik‰ haittaa","Haittaa jonkin verran","Ei edist‰ eik‰ haittaa","Edist‰‰ jonkin verran","Ei edist‰ eik‰ haittaa","Haittaa jonkin verran","Ei edist‰ eik‰ haittaa","Ei edist‰ eik‰ haittaa","Ei edist‰ eik‰ haittaa","Ei edist‰ eik‰ haittaa","Ei edist‰ eik‰ haittaa","Ei edist‰ eik‰ haittaa","Ei edist‰ eik‰ haittaa","Ei edist‰ eik‰ haittaa","Ei edist‰ eik‰ haittaa","Ei edist‰ eik‰ haittaa","Ei edist‰ eik‰ haittaa","Haittaa jonkin verran","Ei edist‰ eik‰ haittaa","","3.","","","","","","2.","","","1.",""
"71","Edist‰‰ paljon","Ei edist‰ eik‰ haittaa","Ei edist‰ eik‰ haittaa","Ei edist‰ eik‰ haittaa","Edist‰‰ jonkin verran","Ei edist‰ eik‰ haittaa","Haittaa paljon","Ei edist‰ eik‰ haittaa","Edist‰‰ jonkin verran","Ei edist‰ eik‰ haittaa","Edist‰‰ jonkin verran","Ei edist‰ eik‰ haittaa","Edist‰‰ paljon","Ei edist‰ eik‰ haittaa","Haittaa jonkin verran","Ei edist‰ eik‰ haittaa","Haittaa jonkin verran","Ei edist‰ eik‰ haittaa","Haittaa paljon","Ei edist‰ eik‰ haittaa","Purjehtija","2.","","","","","","1.","","","3.",""
"72","Edist‰‰ paljon","Edist‰‰ jonkin verran","Edist‰‰ jonkin verran","Edist‰‰ jonkin verran","Edist‰‰ jonkin verran","Ei edist‰ eik‰ haittaa","Ei edist‰ eik‰ haittaa","Ei edist‰ eik‰ haittaa","Ei edist‰ eik‰ haittaa","Ei edist‰ eik‰ haittaa","Ei edist‰ eik‰ haittaa","En osaa sanoa","Edist‰‰ jonkin verran","Edist‰‰ jonkin verran","Ei edist‰ eik‰ haittaa","Ei edist‰ eik‰ haittaa","Ei edist‰ eik‰ haittaa","Ei edist‰ eik‰ haittaa","Haittaa paljon","Haittaa paljon","Veneilij‰","","","","","","","2.","","","3.","1."
"73","Edist‰‰ paljon","Ei edist‰ eik‰ haittaa","Edist‰‰ paljon","Ei edist‰ eik‰ haittaa","Edist‰‰ paljon","Ei edist‰ eik‰ haittaa","Ei edist‰ eik‰ haittaa","Ei edist‰ eik‰ haittaa","Ei edist‰ eik‰ haittaa","Ei edist‰ eik‰ haittaa","Ei edist‰ eik‰ haittaa","Ei edist‰ eik‰ haittaa","Edist‰‰ jonkin verran","Ei edist‰ eik‰ haittaa","Ei edist‰ eik‰ haittaa","Ei edist‰ eik‰ haittaa","Haittaa jonkin verran","Ei edist‰ eik‰ haittaa","Haittaa paljon","Haittaa paljon","","2.","","3.","","","","","","","1.",""
"74","Edist‰‰ jonkin verran","Ei edist‰ eik‰ haittaa","Edist‰‰ jonkin verran","Ei edist‰ eik‰ haittaa","Edist‰‰ jonkin verran","Ei edist‰ eik‰ haittaa","Haittaa paljon","Ei edist‰ eik‰ haittaa","Edist‰‰ jonkin verran","Ei edist‰ eik‰ haittaa","Ei edist‰ eik‰ haittaa","Ei edist‰ eik‰ haittaa","Edist‰‰ jonkin verran","Ei edist‰ eik‰ haittaa","Ei edist‰ eik‰ haittaa","Ei edist‰ eik‰ haittaa","Haittaa jonkin verran","Ei edist‰ eik‰ haittaa","Haittaa paljon","Ei edist‰ eik‰ haittaa","Purjehtija","","","3.","","","","2.","","","","1."
"75","Edist‰‰ jonkin verran","Ei edist‰ eik‰ haittaa","Edist‰‰ paljon","Ei edist‰ eik‰ haittaa","Ei edist‰ eik‰ haittaa","Ei edist‰ eik‰ haittaa","Haittaa jonkin verran","Ei edist‰ eik‰ haittaa","Edist‰‰ jonkin verran","Ei edist‰ eik‰ haittaa","Edist‰‰ jonkin verran","Ei edist‰ eik‰ haittaa","Edist‰‰ jonkin verran","Ei edist‰ eik‰ haittaa","Ei edist‰ eik‰ haittaa","Ei edist‰ eik‰ haittaa","Haittaa jonkin verran","Ei edist‰ eik‰ haittaa","Haittaa paljon","Ei edist‰ eik‰ haittaa","","","","2.","","","","1.","","","","3."
"76","Edist‰‰ paljon","Ei edist‰ eik‰ haittaa","Edist‰‰ jonkin verran","Ei edist‰ eik‰ haittaa","Edist‰‰ jonkin verran","Ei edist‰ eik‰ haittaa","Haittaa paljon","Ei edist‰ eik‰ haittaa","Ei edist‰ eik‰ haittaa","Ei edist‰ eik‰ haittaa","Edist‰‰ paljon","Ei edist‰ eik‰ haittaa","Edist‰‰ paljon","Ei edist‰ eik‰ haittaa","Haittaa paljon","Ei edist‰ eik‰ haittaa","Haittaa jonkin verran","Ei edist‰ eik‰ haittaa","Haittaa paljon","Ei edist‰ eik‰ haittaa","purjehtija","","","","","","","2.","","","3.","1."
"77","Edist‰‰ paljon","Ei edist‰ eik‰ haittaa","Ei edist‰ eik‰ haittaa","Ei edist‰ eik‰ haittaa","Edist‰‰ jonkin verran","Ei edist‰ eik‰ haittaa","Haittaa paljon","Ei edist‰ eik‰ haittaa","Edist‰‰ paljon","Ei edist‰ eik‰ haittaa","Ei edist‰ eik‰ haittaa","Ei edist‰ eik‰ haittaa","Edist‰‰ paljon","Ei edist‰ eik‰ haittaa","Ei edist‰ eik‰ haittaa","Ei edist‰ eik‰ haittaa","Haittaa jonkin verran","Ei edist‰ eik‰ haittaa","Haittaa jonkin verran","Ei edist‰ eik‰ haittaa","","","","","","","3.","2.","","","1.",""
"78","Edist‰‰ jonkin verran","Ei edist‰ eik‰ haittaa","Haittaa jonkin verran","Ei edist‰ eik‰ haittaa","Edist‰‰ jonkin verran","Ei edist‰ eik‰ haittaa","Haittaa jonkin verran","Ei edist‰ eik‰ haittaa","Edist‰‰ paljon","Ei edist‰ eik‰ haittaa","Edist‰‰ jonkin verran","Ei edist‰ eik‰ haittaa","Edist‰‰ paljon","Ei edist‰ eik‰ haittaa","Haittaa paljon","Ei edist‰ eik‰ haittaa","Haittaa jonkin verran","Ei edist‰ eik‰ haittaa","Haittaa paljon","Ei edist‰ eik‰ haittaa","","","","","3.","","","2.","","","1.",""
"79","Edist‰‰ paljon","Ei edist‰ eik‰ haittaa","Edist‰‰ paljon","Ei edist‰ eik‰ haittaa","Edist‰‰ paljon","Ei edist‰ eik‰ haittaa","Haittaa paljon","Haittaa paljon","Edist‰‰ paljon","Ei edist‰ eik‰ haittaa","Edist‰‰ jonkin verran","Ei edist‰ eik‰ haittaa","Edist‰‰ paljon","Ei edist‰ eik‰ haittaa","Ei edist‰ eik‰ haittaa","Ei edist‰ eik‰ haittaa","Edist‰‰ jonkin verran","Ei edist‰ eik‰ haittaa","Haittaa paljon","Haittaa paljon","","","","2.","","","","1.","","","","3."
"80","Edist‰‰ jonkin verran","En osaa sanoa","Ei edist‰ eik‰ haittaa","En osaa sanoa","Ei edist‰ eik‰ haittaa","En osaa sanoa","Haittaa jonkin verran","En osaa sanoa","Edist‰‰ jonkin verran","En osaa sanoa","Ei edist‰ eik‰ haittaa","En osaa sanoa","Edist‰‰ jonkin verran","En osaa sanoa","Haittaa jonkin verran","En osaa sanoa","En osaa sanoa","En osaa sanoa","Haittaa paljon","En osaa sanoa","","3.","","","","","","1.","","","","2."
"81","Edist‰‰ paljon","Ei edist‰ eik‰ haittaa","Edist‰‰ jonkin verran","Ei edist‰ eik‰ haittaa","Edist‰‰ paljon","Ei edist‰ eik‰ haittaa","Ei edist‰ eik‰ haittaa","Ei edist‰ eik‰ haittaa","Edist‰‰ jonkin verran","Ei edist‰ eik‰ haittaa","Edist‰‰ jonkin verran","Ei edist‰ eik‰ haittaa","Edist‰‰ jonkin verran","Ei edist‰ eik‰ haittaa","Ei edist‰ eik‰ haittaa","Ei edist‰ eik‰ haittaa","Haittaa paljon","Ei edist‰ eik‰ haittaa","Haittaa paljon","Ei edist‰ eik‰ haittaa","veneilij‰","","","","","","","1.","2.","","","3."
"82","Edist‰‰ jonkin verran","Ei edist‰ eik‰ haittaa","Ei edist‰ eik‰ haittaa","Ei edist‰ eik‰ haittaa","Ei edist‰ eik‰ haittaa","Ei edist‰ eik‰ haittaa","Haittaa jonkin verran","Ei edist‰ eik‰ haittaa","Edist‰‰ jonkin verran","Ei edist‰ eik‰ haittaa","Edist‰‰ jonkin verran","Ei edist‰ eik‰ haittaa","Edist‰‰ jonkin verran","Ei edist‰ eik‰ haittaa","Ei edist‰ eik‰ haittaa","Ei edist‰ eik‰ haittaa","Ei edist‰ eik‰ haittaa","Ei edist‰ eik‰ haittaa","Haittaa paljon","Ei edist‰ eik‰ haittaa","","","","","","","","1.","3.","","","2."
"83","Edist‰‰ jonkin verran","Edist‰‰ paljon","Edist‰‰ jonkin verran","Ei edist‰ eik‰ haittaa","Edist‰‰ jonkin verran","Edist‰‰ jonkin verran","Haittaa paljon","Ei edist‰ eik‰ haittaa","Edist‰‰ jonkin verran","Edist‰‰ jonkin verran","Ei edist‰ eik‰ haittaa","Edist‰‰ jonkin verran","Edist‰‰ jonkin verran","Edist‰‰ jonkin verran","Ei edist‰ eik‰ haittaa","Ei edist‰ eik‰ haittaa","Ei edist‰ eik‰ haittaa","Ei edist‰ eik‰ haittaa","Haittaa paljon","Haittaa paljon","","2.","","1.","","","","3.","","","",""
"84","Edist‰‰ paljon","Haittaa jonkin verran","Ei edist‰ eik‰ haittaa","Edist‰‰ jonkin verran","Edist‰‰ jonkin verran","Ei edist‰ eik‰ haittaa","Haittaa jonkin verran","Haittaa jonkin verran","Edist‰‰ jonkin verran","Edist‰‰ jonkin verran","Ei edist‰ eik‰ haittaa","Ei edist‰ eik‰ haittaa","Edist‰‰ jonkin verran","Edist‰‰ jonkin verran","Ei edist‰ eik‰ haittaa","Ei edist‰ eik‰ haittaa","Haittaa jonkin verran","Haittaa jonkin verran","Haittaa paljon","Haittaa paljon","","","","2.","","","","3.","","","1.",""
"85","Haittaa jonkin verran","Haittaa jonkin verran","Haittaa jonkin verran","Haittaa jonkin verran","Edist‰‰ jonkin verran","Edist‰‰ jonkin verran","Haittaa paljon","Haittaa paljon","Ei edist‰ eik‰ haittaa","Ei edist‰ eik‰ haittaa","Edist‰‰ jonkin verran","Edist‰‰ jonkin verran","Edist‰‰ paljon","Edist‰‰ paljon","Ei edist‰ eik‰ haittaa","Ei edist‰ eik‰ haittaa","Ei edist‰ eik‰ haittaa","Ei edist‰ eik‰ haittaa","Haittaa paljon","Haittaa paljon","","1.","","2.","","","","3.","","","",""
"86","Edist‰‰ paljon","Edist‰‰ jonkin verran","Haittaa jonkin verran","Edist‰‰ jonkin verran","Edist‰‰ paljon","Edist‰‰ paljon","Haittaa jonkin verran","Haittaa jonkin verran","Edist‰‰ paljon","Edist‰‰ jonkin verran","Ei edist‰ eik‰ haittaa","Ei edist‰ eik‰ haittaa","Edist‰‰ jonkin verran","Edist‰‰ jonkin verran","Ei edist‰ eik‰ haittaa","Ei edist‰ eik‰ haittaa","En osaa sanoa","En osaa sanoa","Haittaa paljon","Haittaa jonkin verran","","1.","","2.","","","","","","","3.",""
"87","Edist‰‰ paljon","Ei edist‰ eik‰ haittaa","Haittaa jonkin verran","Ei edist‰ eik‰ haittaa","Ei edist‰ eik‰ haittaa","Ei edist‰ eik‰ haittaa","Haittaa paljon","Haittaa paljon","Ei edist‰ eik‰ haittaa","Ei edist‰ eik‰ haittaa","Ei edist‰ eik‰ haittaa","Ei edist‰ eik‰ haittaa","Ei edist‰ eik‰ haittaa","Ei edist‰ eik‰ haittaa","Ei edist‰ eik‰ haittaa","Ei edist‰ eik‰ haittaa","Haittaa jonkin verran","Ei edist‰ eik‰ haittaa","Haittaa paljon","Ei edist‰ eik‰ haittaa","Jordbrukare","2.","","","","","","","","","3.","1."
"88","Edist‰‰ paljon","Edist‰‰ paljon","Haittaa jonkin verran","Haittaa jonkin verran","Ei edist‰ eik‰ haittaa","Ei edist‰ eik‰ haittaa","Haittaa paljon","Haittaa jonkin verran","Edist‰‰ paljon","Edist‰‰ paljon","Edist‰‰ paljon","Edist‰‰ paljon","Edist‰‰ paljon","Edist‰‰ paljon","Edist‰‰ jonkin verran","Edist‰‰ jonkin verran","Ei edist‰ eik‰ haittaa","Ei edist‰ eik‰ haittaa","Haittaa paljon","Haittaa paljon","","1.","","2.","","","","3.","","","",""
"89","Edist‰‰ paljon","Edist‰‰ paljon","Edist‰‰ paljon","Edist‰‰ jonkin verran","Edist‰‰ jonkin verran","Edist‰‰ jonkin verran","Ei edist‰ eik‰ haittaa","Ei edist‰ eik‰ haittaa","Ei edist‰ eik‰ haittaa","Edist‰‰ jonkin verran","Ei edist‰ eik‰ haittaa","Ei edist‰ eik‰ haittaa","Ei edist‰ eik‰ haittaa","Edist‰‰ jonkin verran","En osaa sanoa","Ei edist‰ eik‰ haittaa","Haittaa jonkin verran","Haittaa jonkin verran","Haittaa paljon","Haittaa paljon","yritt‰j‰","1.","","","","","","2.","","","","3."
"90","Haittaa jonkin verran","Haittaa jonkin verran","Edist‰‰ jonkin verran","Ei edist‰ eik‰ haittaa","Haittaa jonkin verran","Ei edist‰ eik‰ haittaa","Haittaa jonkin verran","Ei edist‰ eik‰ haittaa","Ei edist‰ eik‰ haittaa","Ei edist‰ eik‰ haittaa","Ei edist‰ eik‰ haittaa","Ei edist‰ eik‰ haittaa","Edist‰‰ jonkin verran","Ei edist‰ eik‰ haittaa","En osaa sanoa","En osaa sanoa","En osaa sanoa","En osaa sanoa","Haittaa paljon","Haittaa jonkin verran","fˆretagare i sk‰rgÂrden","","","1.","","","","","","","2.","3."
"91","Edist‰‰ jonkin verran","Ei edist‰ eik‰ haittaa","Edist‰‰ jonkin verran","Ei edist‰ eik‰ haittaa","Edist‰‰ jonkin verran","Ei edist‰ eik‰ haittaa","Ei edist‰ eik‰ haittaa","Ei edist‰ eik‰ haittaa","Edist‰‰ jonkin verran","Ei edist‰ eik‰ haittaa","Edist‰‰ jonkin verran","Ei edist‰ eik‰ haittaa","Edist‰‰ jonkin verran","Ei edist‰ eik‰ haittaa","Edist‰‰ jonkin verran","Ei edist‰ eik‰ haittaa","Ei edist‰ eik‰ haittaa","Ei edist‰ eik‰ haittaa","Haittaa jonkin verran","Ei edist‰ eik‰ haittaa","","1.","","","","","","2.","","","3.",""
"92","Edist‰‰ paljon","Edist‰‰ jonkin verran","Haittaa paljon","Edist‰‰ paljon","Edist‰‰ jonkin verran","Edist‰‰ jonkin verran","Haittaa paljon","Haittaa jonkin verran","Edist‰‰ paljon","Edist‰‰ paljon","Ei edist‰ eik‰ haittaa","Ei edist‰ eik‰ haittaa","Edist‰‰ paljon","Edist‰‰ paljon","Haittaa jonkin verran","Edist‰‰ jonkin verran","Haittaa paljon","Haittaa paljon","Haittaa paljon","Haittaa paljon","","1.","","2.","","","","3.","","","",""
"93","Edist‰‰ paljon","Edist‰‰ paljon","Edist‰‰ paljon","Edist‰‰ paljon","Edist‰‰ jonkin verran","Ei edist‰ eik‰ haittaa","Haittaa jonkin verran","Ei edist‰ eik‰ haittaa","Ei edist‰ eik‰ haittaa","Edist‰‰ jonkin verran","Ei edist‰ eik‰ haittaa","Edist‰‰ jonkin verran","Ei edist‰ eik‰ haittaa","Edist‰‰ jonkin verran","Ei edist‰ eik‰ haittaa","En osaa sanoa","Haittaa jonkin verran","Haittaa paljon","Haittaa paljon","Haittaa paljon","","2.","","1.","","","","3.","","","",""
"94","Edist‰‰ paljon","Ei edist‰ eik‰ haittaa","Ei edist‰ eik‰ haittaa","Ei edist‰ eik‰ haittaa","Edist‰‰ jonkin verran","Ei edist‰ eik‰ haittaa","Ei edist‰ eik‰ haittaa","Ei edist‰ eik‰ haittaa","Ei edist‰ eik‰ haittaa","Ei edist‰ eik‰ haittaa","Ei edist‰ eik‰ haittaa","Ei edist‰ eik‰ haittaa","Ei edist‰ eik‰ haittaa","Ei edist‰ eik‰ haittaa","Ei edist‰ eik‰ haittaa","Ei edist‰ eik‰ haittaa","Ei edist‰ eik‰ haittaa","Ei edist‰ eik‰ haittaa","Haittaa paljon","Ei edist‰ eik‰ haittaa","Lehtitoimittaja","1.","","","","","","2.","","","","3."
"95","Edist‰‰ jonkin verran","Edist‰‰ paljon","Haittaa jonkin verran","Haittaa jonkin verran","Edist‰‰ jonkin verran","Edist‰‰ paljon","Haittaa paljon","Haittaa paljon","Edist‰‰ jonkin verran","Edist‰‰ paljon","Edist‰‰ jonkin verran","Ei edist‰ eik‰ haittaa","Edist‰‰ paljon","Edist‰‰ paljon","Ei edist‰ eik‰ haittaa","Ei edist‰ eik‰ haittaa","Haittaa paljon","Haittaa paljon","Haittaa paljon","Haittaa paljon","","2.","","3.","","","","","","","1.",""
"96","Edist‰‰ paljon","Edist‰‰ paljon","Edist‰‰ paljon","Edist‰‰ paljon","Edist‰‰ jonkin verran","Edist‰‰ paljon","Haittaa jonkin verran","Haittaa jonkin verran","Edist‰‰ jonkin verran","Edist‰‰ paljon","Edist‰‰ jonkin verran","Edist‰‰ paljon","Edist‰‰ jonkin verran","Edist‰‰ paljon","Haittaa jonkin verran","En osaa sanoa","En osaa sanoa","En osaa sanoa","Haittaa paljon","Haittaa paljon","","","","1.","","","","2.","","","3.",""
"97","Edist‰‰ paljon","Edist‰‰ jonkin verran","Edist‰‰ jonkin verran","Edist‰‰ jonkin verran","Ei edist‰ eik‰ haittaa","Ei edist‰ eik‰ haittaa","Haittaa paljon","Haittaa jonkin verran","Edist‰‰ paljon","Ei edist‰ eik‰ haittaa","Edist‰‰ paljon","Ei edist‰ eik‰ haittaa","Edist‰‰ paljon","Ei edist‰ eik‰ haittaa","Ei edist‰ eik‰ haittaa","Ei edist‰ eik‰ haittaa","Haittaa jonkin verran","Ei edist‰ eik‰ haittaa","Haittaa paljon","Haittaa paljon","","1.","","2.","","","","3.","","","",""
"98","Edist‰‰ paljon","Edist‰‰ jonkin verran","Ei edist‰ eik‰ haittaa","Ei edist‰ eik‰ haittaa","Edist‰‰ jonkin verran","Edist‰‰ jonkin verran","Edist‰‰ jonkin verran","Edist‰‰ jonkin verran","Edist‰‰ jonkin verran","Edist‰‰ jonkin verran","Ei edist‰ eik‰ haittaa","Ei edist‰ eik‰ haittaa","Edist‰‰ jonkin verran","Edist‰‰ jonkin verran","Ei edist‰ eik‰ haittaa","Ei edist‰ eik‰ haittaa","Haittaa jonkin verran","Haittaa jonkin verran","Haittaa jonkin verran","Haittaa paljon","purjehtija","2.","","1.","","","","3.","","","",""
"99","Edist‰‰ jonkin verran","Edist‰‰ jonkin verran","Haittaa jonkin verran","Ei edist‰ eik‰ haittaa","Edist‰‰ paljon","Ei edist‰ eik‰ haittaa","Haittaa paljon","Haittaa jonkin verran","Ei edist‰ eik‰ haittaa","Ei edist‰ eik‰ haittaa","Edist‰‰ paljon","Ei edist‰ eik‰ haittaa","Edist‰‰ jonkin verran","Ei edist‰ eik‰ haittaa","Haittaa jonkin verran","Ei edist‰ eik‰ haittaa","Ei edist‰ eik‰ haittaa","Ei edist‰ eik‰ haittaa","Haittaa paljon","Haittaa jonkin verran","","1.","","2.","","","","3.","","","",""
"100","Edist‰‰ paljon","Edist‰‰ jonkin verran","Ei edist‰ eik‰ haittaa","Ei edist‰ eik‰ haittaa","Edist‰‰ jonkin verran","Ei edist‰ eik‰ haittaa","Haittaa jonkin verran","Ei edist‰ eik‰ haittaa","Edist‰‰ jonkin verran","Ei edist‰ eik‰ haittaa","Edist‰‰ jonkin verran","Ei edist‰ eik‰ haittaa","Edist‰‰ paljon","Ei edist‰ eik‰ haittaa","Ei edist‰ eik‰ haittaa","Ei edist‰ eik‰ haittaa","Haittaa paljon","Ei edist‰ eik‰ haittaa","Haittaa paljon","Ei edist‰ eik‰ haittaa","N‰ringsidkare, dykare","1.","","","","","","","","","2.","3."
"101","Edist‰‰ paljon","Edist‰‰ paljon","Edist‰‰ jonkin verran","Ei edist‰ eik‰ haittaa","Ei edist‰ eik‰ haittaa","Ei edist‰ eik‰ haittaa","Ei edist‰ eik‰ haittaa","Ei edist‰ eik‰ haittaa","Ei edist‰ eik‰ haittaa","Edist‰‰ jonkin verran","Ei edist‰ eik‰ haittaa","Edist‰‰ paljon","Ei edist‰ eik‰ haittaa","Edist‰‰ jonkin verran","Ei edist‰ eik‰ haittaa","Ei edist‰ eik‰ haittaa","Ei edist‰ eik‰ haittaa","Ei edist‰ eik‰ haittaa","Haittaa jonkin verran","Haittaa jonkin verran","Yritt‰j‰ ravintola-alall","1.","","2.","","","","","","","","3."
"102","Edist‰‰ paljon","Ei edist‰ eik‰ haittaa","Ei edist‰ eik‰ haittaa","Ei edist‰ eik‰ haittaa","Edist‰‰ paljon","Edist‰‰ paljon","Ei edist‰ eik‰ haittaa","Ei edist‰ eik‰ haittaa","Edist‰‰ paljon","Edist‰‰ paljon","Edist‰‰ paljon","Edist‰‰ paljon","Edist‰‰ paljon","Edist‰‰ paljon","Ei edist‰ eik‰ haittaa","Ei edist‰ eik‰ haittaa","Ei edist‰ eik‰ haittaa","Ei edist‰ eik‰ haittaa","Haittaa jonkin verran","Ei edist‰ eik‰ haittaa","","1.","","","","3.","","","","2.","",""
"103","Edist‰‰ paljon","Edist‰‰ jonkin verran","Haittaa paljon","Ei edist‰ eik‰ haittaa","Ei edist‰ eik‰ haittaa","Ei edist‰ eik‰ haittaa","Haittaa paljon","Ei edist‰ eik‰ haittaa","Ei edist‰ eik‰ haittaa","Ei edist‰ eik‰ haittaa","Ei edist‰ eik‰ haittaa","Ei edist‰ eik‰ haittaa","Edist‰‰ jonkin verran","Ei edist‰ eik‰ haittaa","Ei edist‰ eik‰ haittaa","Ei edist‰ eik‰ haittaa","Haittaa jonkin verran","Ei edist‰ eik‰ haittaa","Haittaa paljon","Haittaa jonkin verran","","1.","","","","","","3.","","","2.",""
"104","Edist‰‰ jonkin verran","Edist‰‰ jonkin verran","Ei edist‰ eik‰ haittaa","Ei edist‰ eik‰ haittaa","Edist‰‰ paljon","Ei edist‰ eik‰ haittaa","Haittaa paljon","Haittaa jonkin verran","Edist‰‰ jonkin verran","Edist‰‰ paljon","Ei edist‰ eik‰ haittaa","Ei edist‰ eik‰ haittaa","Edist‰‰ jonkin verran","Ei edist‰ eik‰ haittaa","Ei edist‰ eik‰ haittaa","Ei edist‰ eik‰ haittaa","Haittaa jonkin verran","Ei edist‰ eik‰ haittaa","Haittaa jonkin verran","Haittaa jonkin verran","","1.","","","","","","3.","","","2.",""
"105","Edist‰‰ jonkin verran","Edist‰‰ paljon","Edist‰‰ paljon","Ei edist‰ eik‰ haittaa","Edist‰‰ jonkin verran","Ei edist‰ eik‰ haittaa","Ei edist‰ eik‰ haittaa","Ei edist‰ eik‰ haittaa","Ei edist‰ eik‰ haittaa","Ei edist‰ eik‰ haittaa","Ei edist‰ eik‰ haittaa","Ei edist‰ eik‰ haittaa","Edist‰‰ jonkin verran","Edist‰‰ jonkin verran","Ei edist‰ eik‰ haittaa","Ei edist‰ eik‰ haittaa","Haittaa paljon","Haittaa jonkin verran","Haittaa paljon","Haittaa paljon","","","","1.","","","","","","","2.","3."
"106","Edist‰‰ paljon","Edist‰‰ paljon","En osaa sanoa","En osaa sanoa","Ei edist‰ eik‰ haittaa","Ei edist‰ eik‰ haittaa","Haittaa paljon","Haittaa paljon","Edist‰‰ jonkin verran","En osaa sanoa","Edist‰‰ jonkin verran","Edist‰‰ paljon","Edist‰‰ paljon","Edist‰‰ paljon","En osaa sanoa","En osaa sanoa","Haittaa jonkin verran","Haittaa jonkin verran","Haittaa paljon","Haittaa paljon","Hotell‰gare","","","3.","","","","","","","2.","1."
"107","Edist‰‰ jonkin verran","Edist‰‰ paljon","Ei edist‰ eik‰ haittaa","Haittaa paljon","Edist‰‰ paljon","Edist‰‰ paljon","Haittaa paljon","Haittaa paljon","Ei edist‰ eik‰ haittaa","Ei edist‰ eik‰ haittaa","Ei edist‰ eik‰ haittaa","Edist‰‰ jonkin verran","Ei edist‰ eik‰ haittaa","Edist‰‰ paljon","En osaa sanoa","En osaa sanoa","Haittaa jonkin verran","Haittaa jonkin verran","Haittaa jonkin verran","Haittaa jonkin verran","","1.","","2.","","","","","","3.","",""
"108","Edist‰‰ paljon","Edist‰‰ paljon","En osaa sanoa","En osaa sanoa","Edist‰‰ paljon","Edist‰‰ paljon","Ei edist‰ eik‰ haittaa","Ei edist‰ eik‰ haittaa","Ei edist‰ eik‰ haittaa","Ei edist‰ eik‰ haittaa","Ei edist‰ eik‰ haittaa","Ei edist‰ eik‰ haittaa","Ei edist‰ eik‰ haittaa","Ei edist‰ eik‰ haittaa","Ei edist‰ eik‰ haittaa","Ei edist‰ eik‰ haittaa","En osaa sanoa","En osaa sanoa","Haittaa paljon","","","1.","","","","","2.","","","","","3."
"109","Edist‰‰ paljon","Haittaa jonkin verran","Ei edist‰ eik‰ haittaa","Edist‰‰ jonkin verran","Edist‰‰ paljon","Ei edist‰ eik‰ haittaa","Haittaa paljon","Haittaa jonkin verran","Edist‰‰ paljon","Edist‰‰ jonkin verran","Ei edist‰ eik‰ haittaa","Edist‰‰ jonkin verran","Edist‰‰ paljon","Edist‰‰ jonkin verran","Ei edist‰ eik‰ haittaa","Haittaa jonkin verran","Haittaa jonkin verran","Haittaa jonkin verran","Haittaa paljon","Haittaa jonkin verran","","1.","","","","","","2.","","","3.",""
"110","Edist‰‰ jonkin verran","Ei edist‰ eik‰ haittaa","Ei edist‰ eik‰ haittaa","Ei edist‰ eik‰ haittaa","Ei edist‰ eik‰ haittaa","Ei edist‰ eik‰ haittaa","Ei edist‰ eik‰ haittaa","Ei edist‰ eik‰ haittaa","Ei edist‰ eik‰ haittaa","Ei edist‰ eik‰ haittaa","Ei edist‰ eik‰ haittaa","Ei edist‰ eik‰ haittaa","Ei edist‰ eik‰ haittaa","Ei edist‰ eik‰ haittaa","Ei edist‰ eik‰ haittaa","Ei edist‰ eik‰ haittaa","Ei edist‰ eik‰ haittaa","Ei edist‰ eik‰ haittaa","Haittaa jonkin verran","Ei edist‰ eik‰ haittaa","","1.","","","","","","2.","","","","3."
"111","Edist‰‰ paljon","Ei edist‰ eik‰ haittaa","Edist‰‰ paljon","Ei edist‰ eik‰ haittaa","Haittaa jonkin verran","Ei edist‰ eik‰ haittaa","Ei edist‰ eik‰ haittaa","Ei edist‰ eik‰ haittaa","Edist‰‰ paljon","Ei edist‰ eik‰ haittaa","Ei edist‰ eik‰ haittaa","Ei edist‰ eik‰ haittaa","Ei edist‰ eik‰ haittaa","Ei edist‰ eik‰ haittaa","Ei edist‰ eik‰ haittaa","Ei edist‰ eik‰ haittaa","Ei edist‰ eik‰ haittaa","Haittaa jonkin verran","Haittaa paljon","Ei edist‰ eik‰ haittaa","","1.","","3.","","","","2.","","","",""
"112","Edist‰‰ paljon","En osaa sanoa","Ei edist‰ eik‰ haittaa","En osaa sanoa","Ei edist‰ eik‰ haittaa","En osaa sanoa","Ei edist‰ eik‰ haittaa","En osaa sanoa","Edist‰‰ jonkin verran","En osaa sanoa","Edist‰‰ jonkin verran","En osaa sanoa","Edist‰‰ jonkin verran","En osaa sanoa","Haittaa jonkin verran","En osaa sanoa","Haittaa paljon","En osaa sanoa","Haittaa paljon","En osaa sanoa","","3.","","","","","","2.","","","1.",""
"113","Edist‰‰ paljon","Ei edist‰ eik‰ haittaa","Ei edist‰ eik‰ haittaa","Ei edist‰ eik‰ haittaa","Haittaa jonkin verran","Ei edist‰ eik‰ haittaa","Haittaa paljon","Ei edist‰ eik‰ haittaa","Edist‰‰ jonkin verran","Ei edist‰ eik‰ haittaa","Edist‰‰ jonkin verran","Ei edist‰ eik‰ haittaa","Edist‰‰ jonkin verran","Ei edist‰ eik‰ haittaa","Ei edist‰ eik‰ haittaa","Ei edist‰ eik‰ haittaa","Haittaa jonkin verran","Ei edist‰ eik‰ haittaa","Haittaa paljon","Ei edist‰ eik‰ haittaa","Mets‰st‰j‰","1.","","","","","","3.","","","","2."
"114","Edist‰‰ jonkin verran","En osaa sanoa","Edist‰‰ paljon","En osaa sanoa","En osaa sanoa","En osaa sanoa","Haittaa jonkin verran","En osaa sanoa","En osaa sanoa","En osaa sanoa","En osaa sanoa","En osaa sanoa","En osaa sanoa","En osaa sanoa","En osaa sanoa","En osaa sanoa","En osaa sanoa","En osaa sanoa","Haittaa paljon","Haittaa paljon","","1.","","","","","","2.","","","","3."
"115","Edist‰‰ jonkin verran","Edist‰‰ jonkin verran","Ei edist‰ eik‰ haittaa","Ei edist‰ eik‰ haittaa","Ei edist‰ eik‰ haittaa","Ei edist‰ eik‰ haittaa","Edist‰‰ jonkin verran","Ei edist‰ eik‰ haittaa","Edist‰‰ jonkin verran","Edist‰‰ jonkin verran","Edist‰‰ jonkin verran","Edist‰‰ paljon","Edist‰‰ paljon","Edist‰‰ paljon","Haittaa jonkin verran","Haittaa jonkin verran","Haittaa paljon","Haittaa paljon","Haittaa paljon","Haittaa paljon","","2.","","","","","","3.","","","1.",""
"116","Edist‰‰ paljon","Ei edist‰ eik‰ haittaa","Edist‰‰ jonkin verran","Ei edist‰ eik‰ haittaa","Edist‰‰ paljon","Ei edist‰ eik‰ haittaa","Haittaa paljon","Ei edist‰ eik‰ haittaa","En osaa sanoa","Ei edist‰ eik‰ haittaa","Ei edist‰ eik‰ haittaa","Ei edist‰ eik‰ haittaa","Edist‰‰ jonkin verran","Ei edist‰ eik‰ haittaa","Haittaa paljon","En osaa sanoa","En osaa sanoa","En osaa sanoa","Haittaa paljon","Ei edist‰ eik‰ haittaa","","","","","","","","2.","","","1.","3."
"117","Edist‰‰ paljon","En osaa sanoa","Ei edist‰ eik‰ haittaa","En osaa sanoa","Edist‰‰ paljon","En osaa sanoa","Haittaa jonkin verran","En osaa sanoa","Edist‰‰ paljon","En osaa sanoa","Edist‰‰ paljon","En osaa sanoa","Edist‰‰ paljon","En osaa sanoa","Ei edist‰ eik‰ haittaa","En osaa sanoa","Haittaa paljon","En osaa sanoa","Haittaa paljon","En osaa sanoa","","1.","","","","","","3.","","","2.",""
"118","Edist‰‰ paljon","Ei edist‰ eik‰ haittaa","Edist‰‰ jonkin verran","Ei edist‰ eik‰ haittaa","Edist‰‰ paljon","Ei edist‰ eik‰ haittaa","Haittaa jonkin verran","Ei edist‰ eik‰ haittaa","Edist‰‰ paljon","Ei edist‰ eik‰ haittaa","Edist‰‰ jonkin verran","Ei edist‰ eik‰ haittaa","Edist‰‰ jonkin verran","Ei edist‰ eik‰ haittaa","Ei edist‰ eik‰ haittaa","Ei edist‰ eik‰ haittaa","En osaa sanoa","Ei edist‰ eik‰ haittaa","Haittaa paljon","Ei edist‰ eik‰ haittaa","","1.","","","3.","","","2.","","","",""
"119","","","","","","","","","","","","","","","","","","","","","","","","","","","","2.","","","1.","3."
"120","Edist‰‰ paljon","Ei edist‰ eik‰ haittaa","Edist‰‰ jonkin verran","Ei edist‰ eik‰ haittaa","Haittaa jonkin verran","Ei edist‰ eik‰ haittaa","Haittaa jonkin verran","Ei edist‰ eik‰ haittaa","Edist‰‰ jonkin verran","Ei edist‰ eik‰ haittaa","Ei edist‰ eik‰ haittaa","Ei edist‰ eik‰ haittaa","Edist‰‰ paljon","Ei edist‰ eik‰ haittaa","Haittaa jonkin verran","Ei edist‰ eik‰ haittaa","Haittaa jonkin verran","Ei edist‰ eik‰ haittaa","Haittaa paljon","Ei edist‰ eik‰ haittaa","","","","","","","","2.","","","1.","3."
"121","Edist‰‰ paljon","En osaa sanoa","Ei edist‰ eik‰ haittaa","En osaa sanoa","Edist‰‰ jonkin verran","En osaa sanoa","Ei edist‰ eik‰ haittaa","En osaa sanoa","Edist‰‰ jonkin verran","En osaa sanoa","Edist‰‰ jonkin verran","En osaa sanoa","Edist‰‰ jonkin verran","En osaa sanoa","Haittaa jonkin verran","En osaa sanoa","Haittaa jonkin verran","En osaa sanoa","Haittaa paljon","En osaa sanoa","","","","","","","","2.","","","1.","3."
"122","Edist‰‰ paljon","Ei edist‰ eik‰ haittaa","Ei edist‰ eik‰ haittaa","Ei edist‰ eik‰ haittaa","Edist‰‰ paljon","Ei edist‰ eik‰ haittaa","Haittaa paljon","Ei edist‰ eik‰ haittaa","Ei edist‰ eik‰ haittaa","Ei edist‰ eik‰ haittaa","Ei edist‰ eik‰ haittaa","Ei edist‰ eik‰ haittaa","Edist‰‰ jonkin verran","Ei edist‰ eik‰ haittaa","Ei edist‰ eik‰ haittaa","Ei edist‰ eik‰ haittaa","Ei edist‰ eik‰ haittaa","Ei edist‰ eik‰ haittaa","Haittaa paljon","Ei edist‰ eik‰ haittaa","","1.","","","","","","3.","","","2.",""
"123","Edist‰‰ paljon","Edist‰‰ jonkin verran","En osaa sanoa","Ei edist‰ eik‰ haittaa","Edist‰‰ jonkin verran","Ei edist‰ eik‰ haittaa","Haittaa jonkin verran","Ei edist‰ eik‰ haittaa","Ei edist‰ eik‰ haittaa","Ei edist‰ eik‰ haittaa","Ei edist‰ eik‰ haittaa","Ei edist‰ eik‰ haittaa","Edist‰‰ jonkin verran","Ei edist‰ eik‰ haittaa","Ei edist‰ eik‰ haittaa","Ei edist‰ eik‰ haittaa","Haittaa jonkin verran","Haittaa jonkin verran","Haittaa paljon","Haittaa jonkin verran","","","","","","","2.","1.","","","","3."
"124","Edist‰‰ jonkin verran","En osaa sanoa","Haittaa jonkin verran","Haittaa paljon","Edist‰‰ jonkin verran","Edist‰‰ jonkin verran","Haittaa paljon","Haittaa paljon","Edist‰‰ paljon","Edist‰‰ paljon","Edist‰‰ paljon","Edist‰‰ paljon","Edist‰‰ paljon","Edist‰‰ paljon","Haittaa paljon","Haittaa paljon","Haittaa paljon","Haittaa paljon","Haittaa paljon","Haittaa jonkin verran","","1.","","","","","","3.","","","2.",""
"125","Edist‰‰ jonkin verran","Ei edist‰ eik‰ haittaa","Edist‰‰ paljon","Ei edist‰ eik‰ haittaa","En osaa sanoa","Ei edist‰ eik‰ haittaa","Ei edist‰ eik‰ haittaa","Ei edist‰ eik‰ haittaa","En osaa sanoa","Ei edist‰ eik‰ haittaa","En osaa sanoa","Ei edist‰ eik‰ haittaa","En osaa sanoa","Ei edist‰ eik‰ haittaa","En osaa sanoa","Ei edist‰ eik‰ haittaa","Haittaa jonkin verran","Ei edist‰ eik‰ haittaa","Haittaa paljon","Ei edist‰ eik‰ haittaa","","3.","","","","","","1.","","","2.",""
"126","Edist‰‰ jonkin verran","","Haittaa jonkin verran","","Ei edist‰ eik‰ haittaa","","Haittaa paljon","","Ei edist‰ eik‰ haittaa","","Edist‰‰ jonkin verran","","Edist‰‰ jonkin verran","","Haittaa jonkin verran","","Haittaa jonkin verran","","Haittaa jonkin verran","","Tarkennus valitsemaani kohtaan paikallinen; en asu saaristossa, vaan n. 15 km p‰‰ss‰ rannikosta.","1.","","","","","","2.","","","","3."
"127","Edist‰‰ paljon","Ei edist‰ eik‰ haittaa","Ei edist‰ eik‰ haittaa","Ei edist‰ eik‰ haittaa","Ei edist‰ eik‰ haittaa","Ei edist‰ eik‰ haittaa","Haittaa paljon","Ei edist‰ eik‰ haittaa","Ei edist‰ eik‰ haittaa","Ei edist‰ eik‰ haittaa","Ei edist‰ eik‰ haittaa","Ei edist‰ eik‰ haittaa","Ei edist‰ eik‰ haittaa","Ei edist‰ eik‰ haittaa","Ei edist‰ eik‰ haittaa","Ei edist‰ eik‰ haittaa","Ei edist‰ eik‰ haittaa","Ei edist‰ eik‰ haittaa","Haittaa paljon","Ei edist‰ eik‰ haittaa","","1.","","","","","","","","","2.","3."
"128","Edist‰‰ jonkin verran","Edist‰‰ paljon","Haittaa jonkin verran","Haittaa paljon","Edist‰‰ jonkin verran","Edist‰‰ jonkin verran","Haittaa jonkin verran","Haittaa paljon","Edist‰‰ paljon","Ei edist‰ eik‰ haittaa","Edist‰‰ jonkin verran","Ei edist‰ eik‰ haittaa","Edist‰‰ jonkin verran","Ei edist‰ eik‰ haittaa","Haittaa jonkin verran","Haittaa jonkin verran","En osaa sanoa","En osaa sanoa","Haittaa paljon","Haittaa jonkin verran","Kalankasvattaja","","1.","","","","2.","","","","","3."
"129","Edist‰‰ paljon","Edist‰‰ jonkin verran","Ei edist‰ eik‰ haittaa","Haittaa jonkin verran","Edist‰‰ paljon","Edist‰‰ paljon","Haittaa jonkin verran","Haittaa paljon","Edist‰‰ paljon","Edist‰‰ paljon","","Edist‰‰ jonkin verran","Edist‰‰ paljon","Edist‰‰ paljon","Haittaa paljon","Haittaa paljon","Haittaa jonkin verran","Haittaa jonkin verran","Haittaa paljon","Haittaa paljon","","1.","","","","","","2.","","","","3."
"130","Edist‰‰ paljon","Ei edist‰ eik‰ haittaa","Ei edist‰ eik‰ haittaa","Ei edist‰ eik‰ haittaa","Haittaa jonkin verran","Ei edist‰ eik‰ haittaa","Ei edist‰ eik‰ haittaa","Ei edist‰ eik‰ haittaa","Ei edist‰ eik‰ haittaa","Ei edist‰ eik‰ haittaa","Ei edist‰ eik‰ haittaa","Ei edist‰ eik‰ haittaa","Ei edist‰ eik‰ haittaa","Ei edist‰ eik‰ haittaa","Ei edist‰ eik‰ haittaa","Ei edist‰ eik‰ haittaa","Haittaa jonkin verran","Ei edist‰ eik‰ haittaa","Haittaa paljon","Ei edist‰ eik‰ haittaa","","1.","","3.","","","","2.","","","",""
"131","Edist‰‰ paljon","Edist‰‰ paljon","Haittaa paljon","Haittaa paljon","Edist‰‰ paljon","Edist‰‰ paljon","Haittaa paljon","Haittaa paljon","Edist‰‰ paljon","Edist‰‰ paljon","Edist‰‰ paljon","Edist‰‰ paljon","Edist‰‰ paljon","Edist‰‰ paljon","Haittaa paljon","Haittaa paljon","Haittaa paljon","Haittaa paljon","Haittaa paljon","Haittaa paljon","Kalastusopas","2.","","1.","","","","","","","3.",""
"132","Edist‰‰ paljon","Ei edist‰ eik‰ haittaa","Edist‰‰ jonkin verran","Ei edist‰ eik‰ haittaa","Edist‰‰ paljon","Ei edist‰ eik‰ haittaa","Haittaa jonkin verran","Ei edist‰ eik‰ haittaa","Edist‰‰ paljon","Ei edist‰ eik‰ haittaa","Edist‰‰ paljon","Ei edist‰ eik‰ haittaa","Edist‰‰ paljon","Ei edist‰ eik‰ haittaa","Haittaa jonkin verran","Ei edist‰ eik‰ haittaa","Haittaa paljon","Ei edist‰ eik‰ haittaa","Haittaa paljon","Ei edist‰ eik‰ haittaa","","","","","","2.","","","3.","","1.",""
"133","Edist‰‰ paljon","Edist‰‰ jonkin verran","Edist‰‰ jonkin verran","Ei edist‰ eik‰ haittaa","Edist‰‰ paljon","Edist‰‰ jonkin verran","Ei edist‰ eik‰ haittaa","Ei edist‰ eik‰ haittaa","Edist‰‰ jonkin verran","Ei edist‰ eik‰ haittaa","Edist‰‰ jonkin verran","Ei edist‰ eik‰ haittaa","Edist‰‰ jonkin verran","Ei edist‰ eik‰ haittaa","Haittaa jonkin verran","Ei edist‰ eik‰ haittaa","Ei edist‰ eik‰ haittaa","Ei edist‰ eik‰ haittaa","Haittaa paljon","Haittaa jonkin verran","","","","2.","","","","","1.","","3.",""
"134","Edist‰‰ paljon","Edist‰‰ jonkin verran","Edist‰‰ jonkin verran","Edist‰‰ jonkin verran","Edist‰‰ paljon","Edist‰‰ paljon","Ei edist‰ eik‰ haittaa","Ei edist‰ eik‰ haittaa","Edist‰‰ jonkin verran","Edist‰‰ jonkin verran","Edist‰‰ jonkin verran","Edist‰‰ jonkin verran","Edist‰‰ paljon","Edist‰‰ paljon","Ei edist‰ eik‰ haittaa","Edist‰‰ jonkin verran","Haittaa paljon","Haittaa jonkin verran","Haittaa paljon","Haittaa paljon","","","","","","1.","","2.","3.","","",""
"135","Edist‰‰ paljon","Haittaa jonkin verran","Ei edist‰ eik‰ haittaa","Ei edist‰ eik‰ haittaa","Edist‰‰ jonkin verran","Ei edist‰ eik‰ haittaa","Haittaa paljon","Ei edist‰ eik‰ haittaa","Edist‰‰ paljon","Ei edist‰ eik‰ haittaa","Edist‰‰ jonkin verran","Ei edist‰ eik‰ haittaa","Edist‰‰ paljon","Ei edist‰ eik‰ haittaa","Ei edist‰ eik‰ haittaa","Ei edist‰ eik‰ haittaa","Haittaa jonkin verran","Ei edist‰ eik‰ haittaa","Haittaa paljon","Haittaa jonkin verran","","1.","","3.","","","","","","2.","",""
"136","Edist‰‰ paljon","En osaa sanoa","Ei edist‰ eik‰ haittaa","Ei edist‰ eik‰ haittaa","Edist‰‰ jonkin verran","Ei edist‰ eik‰ haittaa","Haittaa jonkin verran","Ei edist‰ eik‰ haittaa","Edist‰‰ paljon","Ei edist‰ eik‰ haittaa","Ei edist‰ eik‰ haittaa","Ei edist‰ eik‰ haittaa","Edist‰‰ paljon","Ei edist‰ eik‰ haittaa","Haittaa jonkin verran","Ei edist‰ eik‰ haittaa","Haittaa jonkin verran","Ei edist‰ eik‰ haittaa","Haittaa paljon","Haittaa paljon","","","","","","","","3.","2.","","1.",""
"137","Edist‰‰ paljon","Edist‰‰ paljon","Ei edist‰ eik‰ haittaa","Edist‰‰ jonkin verran","Edist‰‰ paljon","Edist‰‰ paljon","Haittaa jonkin verran","Haittaa jonkin verran","Edist‰‰ jonkin verran","Edist‰‰ paljon","Ei edist‰ eik‰ haittaa","Edist‰‰ jonkin verran","Edist‰‰ jonkin verran","Edist‰‰ jonkin verran","En osaa sanoa","En osaa sanoa","Haittaa paljon","Haittaa paljon","Haittaa paljon","Haittaa paljon","","1.","","2.","","","","","","","","3."
"138","Edist‰‰ paljon","Ei edist‰ eik‰ haittaa","Edist‰‰ paljon","Ei edist‰ eik‰ haittaa","Edist‰‰ paljon","Ei edist‰ eik‰ haittaa","Haittaa jonkin verran","Ei edist‰ eik‰ haittaa","Edist‰‰ paljon","Ei edist‰ eik‰ haittaa","Edist‰‰ paljon","Ei edist‰ eik‰ haittaa","Edist‰‰ paljon","Ei edist‰ eik‰ haittaa","Ei edist‰ eik‰ haittaa","Ei edist‰ eik‰ haittaa","Haittaa jonkin verran","Ei edist‰ eik‰ haittaa","Haittaa paljon","Ei edist‰ eik‰ haittaa","","2.","","","1.","","","3.","","","",""
"139","Edist‰‰ jonkin verran","Ei edist‰ eik‰ haittaa","Ei edist‰ eik‰ haittaa","Ei edist‰ eik‰ haittaa","Edist‰‰ jonkin verran","Ei edist‰ eik‰ haittaa","Haittaa jonkin verran","Ei edist‰ eik‰ haittaa","Edist‰‰ jonkin verran","Ei edist‰ eik‰ haittaa","Edist‰‰ jonkin verran","Ei edist‰ eik‰ haittaa","Edist‰‰ jonkin verran","Ei edist‰ eik‰ haittaa","Ei edist‰ eik‰ haittaa","Ei edist‰ eik‰ haittaa","Haittaa jonkin verran","Ei edist‰ eik‰ haittaa","Haittaa paljon","Edist‰‰ jonkin verran","","1.","","","","","","2.","3.","","",""
"140","Edist‰‰ paljon","Ei edist‰ eik‰ haittaa","Ei edist‰ eik‰ haittaa","Ei edist‰ eik‰ haittaa","Edist‰‰ paljon","Ei edist‰ eik‰ haittaa","Haittaa jonkin verran","Ei edist‰ eik‰ haittaa","Ei edist‰ eik‰ haittaa","Ei edist‰ eik‰ haittaa","Ei edist‰ eik‰ haittaa","Ei edist‰ eik‰ haittaa","Ei edist‰ eik‰ haittaa","Ei edist‰ eik‰ haittaa","Ei edist‰ eik‰ haittaa","Ei edist‰ eik‰ haittaa","Ei edist‰ eik‰ haittaa","Ei edist‰ eik‰ haittaa","Haittaa paljon","Haittaa jonkin verran","","1.","","","2.","","","3.","","","",""
"141","Edist‰‰ paljon","Ei edist‰ eik‰ haittaa","Ei edist‰ eik‰ haittaa","Ei edist‰ eik‰ haittaa","En osaa sanoa","Ei edist‰ eik‰ haittaa","Haittaa paljon","Ei edist‰ eik‰ haittaa","Edist‰‰ paljon","Ei edist‰ eik‰ haittaa","Edist‰‰ jonkin verran","Ei edist‰ eik‰ haittaa","Edist‰‰ jonkin verran","Ei edist‰ eik‰ haittaa","Haittaa jonkin verran","Ei edist‰ eik‰ haittaa","Haittaa jonkin verran","Ei edist‰ eik‰ haittaa","Haittaa paljon","Ei edist‰ eik‰ haittaa","veneilij‰","1.","","","2.","","","","","","","3."
"142","Edist‰‰ jonkin verran","Edist‰‰ jonkin verran","Haittaa paljon","Haittaa paljon","Ei edist‰ eik‰ haittaa","Ei edist‰ eik‰ haittaa","Haittaa paljon","Haittaa paljon","Edist‰‰ paljon","Edist‰‰ jonkin verran","Edist‰‰ jonkin verran","Ei edist‰ eik‰ haittaa","Edist‰‰ jonkin verran","Edist‰‰ jonkin verran","Haittaa jonkin verran","Haittaa jonkin verran","Haittaa paljon","Haittaa paljon","Haittaa paljon","Haittaa paljon","","1.","","3.","2.","","","","","","",""
"143","Edist‰‰ jonkin verran","Ei edist‰ eik‰ haittaa","Ei edist‰ eik‰ haittaa","Ei edist‰ eik‰ haittaa","Edist‰‰ jonkin verran","Ei edist‰ eik‰ haittaa","Haittaa jonkin verran","Ei edist‰ eik‰ haittaa","Ei edist‰ eik‰ haittaa","Ei edist‰ eik‰ haittaa","Ei edist‰ eik‰ haittaa","Ei edist‰ eik‰ haittaa","Edist‰‰ jonkin verran","Ei edist‰ eik‰ haittaa","Ei edist‰ eik‰ haittaa","Ei edist‰ eik‰ haittaa","Haittaa jonkin verran","Ei edist‰ eik‰ haittaa","Haittaa jonkin verran","Ei edist‰ eik‰ haittaa","","1.","","","","","","3.","","","2.",""
"144","Edist‰‰ paljon","Edist‰‰ paljon","Edist‰‰ paljon","","Edist‰‰ jonkin verran","Edist‰‰ jonkin verran","Edist‰‰ jonkin verran","Edist‰‰ jonkin verran","Edist‰‰ paljon","Edist‰‰ paljon","Edist‰‰ paljon","Edist‰‰ paljon","Edist‰‰ jonkin verran","Edist‰‰ paljon","Edist‰‰ paljon","Edist‰‰ paljon","Haittaa jonkin verran","Haittaa jonkin verran","Haittaa paljon","Haittaa jonkin verran","","","","3.","1.","","","2.","","","",""
"145","Edist‰‰ paljon","Edist‰‰ jonkin verran","Haittaa jonkin verran","Ei edist‰ eik‰ haittaa","Edist‰‰ jonkin verran","Ei edist‰ eik‰ haittaa","Haittaa jonkin verran","Ei edist‰ eik‰ haittaa","Edist‰‰ paljon","Ei edist‰ eik‰ haittaa","Edist‰‰ jonkin verran","Ei edist‰ eik‰ haittaa","Edist‰‰ paljon","Ei edist‰ eik‰ haittaa","Haittaa jonkin verran","Ei edist‰ eik‰ haittaa","Haittaa jonkin verran","Ei edist‰ eik‰ haittaa","Haittaa paljon","Ei edist‰ eik‰ haittaa","","1.","","","2.","","","","","3.","",""
"146","Edist‰‰ paljon","Ei edist‰ eik‰ haittaa","Ei edist‰ eik‰ haittaa","Ei edist‰ eik‰ haittaa","Edist‰‰ paljon","Ei edist‰ eik‰ haittaa","Haittaa paljon","Ei edist‰ eik‰ haittaa","Edist‰‰ jonkin verran","Ei edist‰ eik‰ haittaa","Ei edist‰ eik‰ haittaa","Ei edist‰ eik‰ haittaa","Edist‰‰ jonkin verran","Ei edist‰ eik‰ haittaa","Haittaa jonkin verran","Ei edist‰ eik‰ haittaa","Ei edist‰ eik‰ haittaa","Ei edist‰ eik‰ haittaa","Haittaa paljon","Ei edist‰ eik‰ haittaa","Veneilij‰","3.","","2.","","","","1.","","","",""
"147","Ei edist‰ eik‰ haittaa","Ei edist‰ eik‰ haittaa","Haittaa jonkin verran","Ei edist‰ eik‰ haittaa","Ei edist‰ eik‰ haittaa","Ei edist‰ eik‰ haittaa","Haittaa jonkin verran","Ei edist‰ eik‰ haittaa","Edist‰‰ jonkin verran","Ei edist‰ eik‰ haittaa","Ei edist‰ eik‰ haittaa","Ei edist‰ eik‰ haittaa","Edist‰‰ jonkin verran","Ei edist‰ eik‰ haittaa","Ei edist‰ eik‰ haittaa","Ei edist‰ eik‰ haittaa","Haittaa jonkin verran","Ei edist‰ eik‰ haittaa","Haittaa jonkin verran","Ei edist‰ eik‰ haittaa","","1.","","","","","","3.","","2.","",""
"148","Edist‰‰ jonkin verran","Haittaa jonkin verran","Haittaa paljon","Haittaa paljon","Edist‰‰ paljon","Edist‰‰ jonkin verran","Haittaa paljon","Haittaa paljon","Ei edist‰ eik‰ haittaa","Ei edist‰ eik‰ haittaa","Edist‰‰ jonkin verran","Edist‰‰ jonkin verran","Edist‰‰ paljon","Edist‰‰ paljon","Haittaa paljon","Haittaa paljon","Ei edist‰ eik‰ haittaa","Ei edist‰ eik‰ haittaa","Edist‰‰ paljon","Edist‰‰ paljon","","1.","","","3.","","","","","","2.",""
"149","Edist‰‰ jonkin verran","Ei edist‰ eik‰ haittaa","Ei edist‰ eik‰ haittaa","Ei edist‰ eik‰ haittaa","Edist‰‰ jonkin verran","Ei edist‰ eik‰ haittaa","Ei edist‰ eik‰ haittaa","Ei edist‰ eik‰ haittaa","Ei edist‰ eik‰ haittaa","Ei edist‰ eik‰ haittaa","Ei edist‰ eik‰ haittaa","Ei edist‰ eik‰ haittaa","Ei edist‰ eik‰ haittaa","Ei edist‰ eik‰ haittaa","Ei edist‰ eik‰ haittaa","Ei edist‰ eik‰ haittaa","Ei edist‰ eik‰ haittaa","Ei edist‰ eik‰ haittaa","Haittaa jonkin verran","Ei edist‰ eik‰ haittaa","","","","","2.","3.","","","","","1.",""
"150","Edist‰‰ paljon","En osaa sanoa","Edist‰‰ paljon","En osaa sanoa","Ei edist‰ eik‰ haittaa","Ei edist‰ eik‰ haittaa","Haittaa paljon","En osaa sanoa","Edist‰‰ jonkin verran","En osaa sanoa","Edist‰‰ jonkin verran","En osaa sanoa","Edist‰‰ jonkin verran","En osaa sanoa","En osaa sanoa","En osaa sanoa","Haittaa jonkin verran","En osaa sanoa","Haittaa paljon","En osaa sanoa","","3.","","","","","","1.","","","2.",""
"151","Edist‰‰ paljon","Edist‰‰ jonkin verran","Ei edist‰ eik‰ haittaa","En osaa sanoa","Edist‰‰ jonkin verran","Edist‰‰ paljon","Haittaa jonkin verran","En osaa sanoa","Edist‰‰ jonkin verran","En osaa sanoa","Ei edist‰ eik‰ haittaa","Ei edist‰ eik‰ haittaa","Edist‰‰ paljon","Edist‰‰ jonkin verran","En osaa sanoa","En osaa sanoa","Haittaa jonkin verran","En osaa sanoa","Haittaa paljon","Haittaa paljon","","","","","3.","","","2.","","","1.",""
"152","Haittaa paljon","Ei edist‰ eik‰ haittaa","Ei edist‰ eik‰ haittaa","Ei edist‰ eik‰ haittaa","Ei edist‰ eik‰ haittaa","Ei edist‰ eik‰ haittaa","Ei edist‰ eik‰ haittaa","Ei edist‰ eik‰ haittaa","Edist‰‰ paljon","Ei edist‰ eik‰ haittaa","Edist‰‰ paljon","Ei edist‰ eik‰ haittaa","Edist‰‰ paljon","Ei edist‰ eik‰ haittaa","Ei edist‰ eik‰ haittaa","Ei edist‰ eik‰ haittaa","Ei edist‰ eik‰ haittaa","Ei edist‰ eik‰ haittaa","Haittaa paljon","Ei edist‰ eik‰ haittaa","","1.","","","3.","","","2.","","","",""
"153","Edist‰‰ jonkin verran","En osaa sanoa","En osaa sanoa","En osaa sanoa","En osaa sanoa","En osaa sanoa","Haittaa paljon","En osaa sanoa","En osaa sanoa","En osaa sanoa","En osaa sanoa","En osaa sanoa","En osaa sanoa","En osaa sanoa","Haittaa paljon","En osaa sanoa","Haittaa paljon","En osaa sanoa","Haittaa paljon","En osaa sanoa","","2.","","","1.","","","3.","","","",""
"154","Edist‰‰ paljon","Ei edist‰ eik‰ haittaa","Edist‰‰ jonkin verran","Ei edist‰ eik‰ haittaa","Edist‰‰ jonkin verran","Ei edist‰ eik‰ haittaa","Ei edist‰ eik‰ haittaa","Ei edist‰ eik‰ haittaa","Edist‰‰ jonkin verran","Ei edist‰ eik‰ haittaa","Ei edist‰ eik‰ haittaa","Ei edist‰ eik‰ haittaa","Edist‰‰ paljon","Ei edist‰ eik‰ haittaa","Ei edist‰ eik‰ haittaa","Ei edist‰ eik‰ haittaa","Haittaa paljon","Ei edist‰ eik‰ haittaa","Haittaa paljon","Ei edist‰ eik‰ haittaa","","","","","1.","","","2.","","","","3."
"155","Edist‰‰ jonkin verran","Ei edist‰ eik‰ haittaa","Ei edist‰ eik‰ haittaa","Haittaa jonkin verran","Ei edist‰ eik‰ haittaa","Edist‰‰ jonkin verran","Haittaa jonkin verran","Haittaa jonkin verran","Edist‰‰ jonkin verran","Ei edist‰ eik‰ haittaa","Edist‰‰ jonkin verran","Edist‰‰ jonkin verran","Edist‰‰ jonkin verran","Edist‰‰ jonkin verran","Haittaa jonkin verran","Ei edist‰ eik‰ haittaa","Haittaa jonkin verran","Ei edist‰ eik‰ haittaa","Haittaa jonkin verran","Ei edist‰ eik‰ haittaa","","","","","1.","","","2.","","","","3."
"156","Edist‰‰ paljon","Ei edist‰ eik‰ haittaa","Edist‰‰ jonkin verran","Haittaa jonkin verran","Edist‰‰ jonkin verran","Ei edist‰ eik‰ haittaa","Ei edist‰ eik‰ haittaa","Haittaa jonkin verran","Ei edist‰ eik‰ haittaa","Ei edist‰ eik‰ haittaa","Ei edist‰ eik‰ haittaa","Ei edist‰ eik‰ haittaa","Edist‰‰ jonkin verran","Ei edist‰ eik‰ haittaa","Ei edist‰ eik‰ haittaa","Ei edist‰ eik‰ haittaa","Haittaa jonkin verran","Ei edist‰ eik‰ haittaa","Haittaa paljon","Ei edist‰ eik‰ haittaa","","","","","","","","","","1.","2.","3."
"157","Edist‰‰ paljon","Ei edist‰ eik‰ haittaa","Ei edist‰ eik‰ haittaa","Ei edist‰ eik‰ haittaa","Edist‰‰ jonkin verran","Ei edist‰ eik‰ haittaa","Haittaa jonkin verran","Ei edist‰ eik‰ haittaa","Edist‰‰ jonkin verran","Ei edist‰ eik‰ haittaa","Ei edist‰ eik‰ haittaa","Ei edist‰ eik‰ haittaa","Edist‰‰ jonkin verran","Ei edist‰ eik‰ haittaa","Ei edist‰ eik‰ haittaa","Ei edist‰ eik‰ haittaa","Haittaa jonkin verran","Ei edist‰ eik‰ haittaa","Haittaa jonkin verran","Ei edist‰ eik‰ haittaa","","1.","","","3.","","","","","","2.",""
"158","Edist‰‰ jonkin verran","Ei edist‰ eik‰ haittaa","Ei edist‰ eik‰ haittaa","Ei edist‰ eik‰ haittaa","Edist‰‰ paljon","Ei edist‰ eik‰ haittaa","Haittaa paljon","Ei edist‰ eik‰ haittaa","Ei edist‰ eik‰ haittaa","Ei edist‰ eik‰ haittaa","Ei edist‰ eik‰ haittaa","Ei edist‰ eik‰ haittaa","Edist‰‰ paljon","Haittaa jonkin verran","Ei edist‰ eik‰ haittaa","Ei edist‰ eik‰ haittaa","Haittaa paljon","Ei edist‰ eik‰ haittaa","Haittaa paljon","Ei edist‰ eik‰ haittaa","","","","","","","","2.","","","1.","3."
"159","Edist‰‰ jonkin verran","Haittaa jonkin verran","Ei edist‰ eik‰ haittaa","Haittaa paljon","Edist‰‰ jonkin verran","Edist‰‰ jonkin verran","Haittaa jonkin verran","Haittaa paljon","Edist‰‰ jonkin verran","Edist‰‰ jonkin verran","Edist‰‰ jonkin verran","Edist‰‰ paljon","Edist‰‰ jonkin verran","Edist‰‰ jonkin verran","Haittaa jonkin verran","Haittaa jonkin verran","Haittaa paljon","Haittaa jonkin verran","Haittaa paljon","Haittaa jonkin verran","","","","","1.","","3.","2.","","","",""
"160","Edist‰‰ paljon","Edist‰‰ jonkin verran","Ei edist‰ eik‰ haittaa","Haittaa jonkin verran","Edist‰‰ jonkin verran","Edist‰‰ jonkin verran","Ei edist‰ eik‰ haittaa","Haittaa jonkin verran","Ei edist‰ eik‰ haittaa","Edist‰‰ jonkin verran","Ei edist‰ eik‰ haittaa","Edist‰‰ jonkin verran","Ei edist‰ eik‰ haittaa","Edist‰‰ jonkin verran","Ei edist‰ eik‰ haittaa","Haittaa jonkin verran","Haittaa jonkin verran","Haittaa jonkin verran","Haittaa paljon","Haittaa jonkin verran","","","","","2.","","","1.","","","3.",""
